medallion, hack_license, vendor_id, pickup_datetime, payment_type, fare_amount, surcharge, mta_tax, tip_amount, tolls_amount, total_amount
2010009341,2010009331,VTS,2010-08-01 00:00:00,CSH,8.1,0.5,0.5,0,0,9.1
2010003556,2010003553,VTS,2010-08-01 00:00:00,CRD,4.9,0.5,0.5,1,0,6.9
2010002818,2010002817,VTS,2010-08-01 00:00:00,CSH,14.9,0.5,0.5,0,0,15.9
2010004292,2010004289,VTS,2010-08-01 00:00:00,CSH,12.9,0.5,0.5,0,0,13.9
2010008122,2010008113,VTS,2010-08-01 00:00:00,CRD,7.7,0.5,0.5,2,0,10.7
2010009103,2010017772,VTS,2010-08-01 00:00:00,CSH,12.9,0.5,0.5,0,0,13.9
2010007683,2010007675,VTS,2010-08-01 00:00:00,CSH,7.7,0.5,0.5,0,0,8.7
2010006240,2010006236,VTS,2010-08-01 00:00:00,CRD,6.1,0.5,0.5,0.5,0,7.6
2010010394,2010030447,VTS,2010-08-01 00:00:00,CSH,6.9,0.5,0.5,0,0,7.9
2010007999,2010007991,VTS,2010-08-01 00:00:00,CSH,20.1,0.5,0.5,0,0,21.1
2010004091,2010004088,VTS,2010-08-01 00:00:00,CRD,11.7,0.5,0.5,2,0,14.7
2010003207,2010028707,VTS,2010-08-01 00:00:00,CSH,31.3,0.5,0.5,0,0,32.3
2010010726,2010030977,VTS,2010-08-01 00:00:00,CSH,5.7,0.5,0.5,0,0,6.7
2010004249,2010012130,VTS,2010-08-01 00:00:00,CSH,5.3,0.5,0.5,0,0,6.3
2010001879,2010001879,VTS,2010-08-01 00:00:00,CRD,10.5,0.5,0.5,1,0,12.5
2010001689,2010004562,VTS,2010-08-01 00:00:00,CRD,7.7,0.5,0.5,1,0,9.7
2010008979,2010005991,VTS,2010-08-01 00:00:00,CSH,6.1,0.5,0.5,0,0,7.1
2010007889,2010031433,VTS,2010-08-01 00:00:00,CSH,4.9,0.5,0.5,0,0,5.9
2010007317,2010009800,VTS,2010-08-01 00:00:00,CSH,11.3,0.5,0.5,0,0,12.3
2010009649,2010010630,VTS,2010-08-01 00:00:00,CSH,10.1,0.5,0.5,0,0,11.1
2010002354,2010002353,VTS,2010-08-01 00:00:00,CSH,18.1,0.5,0.5,0,0,19.1
2010005976,2010001479,VTS,2010-08-01 00:00:00,CSH,16.5,0.5,0.5,0,0,17.5
2010002571,2010035664,VTS,2010-08-01 00:00:00,CSH,4.5,0.5,0.5,0,0,5.5
2010001319,2010001319,VTS,2010-08-01 00:00:00,CRD,4.1,0.5,0.5,2,0,7.1
2010008568,2010000593,VTS,2010-08-01 00:00:00,CSH,4.9,0.5,0.5,0,0,5.9
2010007097,2010007092,VTS,2010-08-01 00:00:00,CRD,12.5,0.5,0.5,2,0,15.5
2010001257,2010001257,VTS,2010-08-01 00:00:00,CSH,13.7,0.5,0.5,0,0,14.7
2010008253,2010008244,VTS,2010-08-01 00:00:00,CRD,12.5,0.5,0.5,2,0,15.5
2010007692,2010007684,VTS,2010-08-01 00:00:00,CSH,19.3,0.5,0.5,0,0,20.3
2010007693,2010007685,VTS,2010-08-01 00:00:00,CSH,11.7,0.5,0.5,0,0,12.7
2010009131,2010009120,VTS,2010-08-01 00:00:00,CSH,6.5,0.5,0.5,0,0,7.5
2010000870,2010013790,VTS,2010-08-01 00:00:00,CSH,8.9,0.5,0.5,0,0,9.9
2010003961,2010003958,VTS,2010-08-01 00:00:00,CRD,7.3,0.5,0.5,1.5,0,9.8
2010006461,2010030677,VTS,2010-08-01 00:00:00,CSH,10.9,0.5,0.5,0,0,11.9
2010002699,2010002698,VTS,2010-08-01 00:00:00,CSH,4.5,0.5,0.5,0,0,5.5
2010007316,2010007309,VTS,2010-08-01 00:00:00,CRD,4.9,0.5,0.5,1,0,6.9
2010000002,2010000002,VTS,2010-08-01 00:00:00,CSH,6.1,0.5,0.5,0,0,7.1
2010006931,2010016857,VTS,2010-08-01 00:00:00,CSH,8.1,0.5,0.5,0,0,9.1
2010006286,2010006282,VTS,2010-08-01 00:00:00,CSH,9.3,0.5,0.5,0,0,10.3
2010003850,2010004223,VTS,2010-08-01 00:00:00,CSH,12.1,0.5,0.5,0,0,13.1
2010006024,2010021910,VTS,2010-08-01 00:00:00,CSH,9.3,0.5,0.5,0,0,10.3
2010006405,2010006401,VTS,2010-08-01 00:00:00,CSH,4.5,0.5,0.5,0,0,5.5
2010000848,2010000848,VTS,2010-08-01 00:00:00,CSH,4.1,0.5,0.5,0,0,5.1
2010011706,2010003204,VTS,2010-08-01 00:00:00,CSH,5.3,0.5,0.5,0,0,6.3
2010009027,2010007316,VTS,2010-08-01 00:00:00,CRD,8.1,0.5,0.5,3,0,12.1
2010004803,2010013920,VTS,2010-08-01 00:00:00,CSH,2.5,0.5,0,0,0,3
2010013182,2010027658,VTS,2010-08-01 00:00:00,CSH,6.1,0.5,0.5,0,0,7.1
2010006817,2010000849,VTS,2010-08-01 00:00:00,CRD,9.3,0.5,0.5,1,0,11.3
2010009451,2010020332,VTS,2010-08-01 00:00:00,CSH,11.7,0.5,0.5,0,0,12.7
2010000670,2010000670,VTS,2010-08-01 00:00:00,CSH,10.1,0.5,0.5,0,0,11.1
2010005614,2010005611,VTS,2010-08-01 00:00:00,CSH,13.7,0.5,0.5,0,0,14.7
2010001581,2010001581,VTS,2010-08-01 00:00:00,CSH,8.5,0.5,0.5,0,0,9.5
2010010856,2010010541,VTS,2010-08-01 00:00:00,CSH,6.5,0.5,0.5,0,0,7.5
2010009147,2010016815,VTS,2010-08-01 00:00:00,CSH,8.9,0.5,0.5,0,0,9.9
2010004555,2010004200,VTS,2010-08-01 00:00:00,CSH,6.1,0.5,0.5,0,0,7.1
2010005645,2010024385,VTS,2010-08-01 00:00:00,CSH,5.7,0.5,0.5,0,0,6.7
2010008135,2010008126,VTS,2010-08-01 00:00:00,CRD,16.1,0.5,0.5,4.98,0,22.08
2010006737,2010031139,VTS,2010-08-01 00:00:00,CRD,3.7,0.5,0.5,2,0,6.7
2010000850,2010000850,VTS,2010-08-01 00:00:00,CSH,7.7,0.5,0.5,0,0,8.7
2010004109,2010036781,VTS,2010-08-01 00:00:00,CSH,9.3,0.5,0.5,0,0,10.3
2010003680,2010035595,VTS,2010-08-01 00:00:00,CRD,8.1,0.5,0.5,1,0,10.1
2010008634,2010008626,VTS,2010-08-01 00:00:00,CRD,6.5,0.5,0.5,1,0,8.5
2010007870,2010007862,VTS,2010-08-01 00:00:00,CRD,15.3,0.5,0.5,3.16,0,19.46
2010008151,2010009740,VTS,2010-08-01 00:00:00,CSH,24.5,0.5,0.5,0,0,25.5
2010005795,2010012821,VTS,2010-08-01 00:00:00,CSH,4.5,0.5,0.5,0,0,5.5
2010006060,2010029108,VTS,2010-08-01 00:00:00,CRD,14.5,0.5,0.5,4.5,0,20
2010007113,2010007108,VTS,2010-08-01 00:00:00,CRD,8.9,0.5,0.5,2,0,11.9
2010004415,2010004412,VTS,2010-08-01 00:00:00,CSH,12.5,0.5,0.5,0,0,13.5
2010008636,2010008628,VTS,2010-08-01 00:00:00,CRD,3.7,0.5,0.5,0.75,0,5.45
2010002950,2010035060,VTS,2010-08-01 00:00:00,CSH,8.5,0.5,0.5,0,0,9.5
2010001077,2010011267,VTS,2010-08-01 00:00:00,CSH,8.9,0.5,0.5,0,0,9.9
2010008393,2010005202,VTS,2010-08-01 00:00:00,CSH,6.5,0.5,0.5,0,0,7.5
2010003598,2010003595,VTS,2010-08-01 00:00:00,CRD,4.9,0.5,0.5,3,0,8.9
2010006032,2010004969,VTS,2010-08-01 00:00:00,CRD,16.9,0.5,0.5,0,0,17.9
2010004946,2010032879,VTS,2010-08-01 00:00:00,CSH,15.7,0.5,0.5,0,0,16.7
2010002305,2010032835,VTS,2010-08-01 00:00:00,CRD,6.1,0.5,0.5,2,0,9.1
2010004809,2010004806,VTS,2010-08-01 00:00:00,CSH,15.3,0.5,0.5,0,0,16.3
2010002393,2010011116,VTS,2010-08-01 00:00:00,CRD,8.1,0.5,0.5,3,0,12.1
2010004399,2010002845,VTS,2010-08-01 00:00:00,CRD,8.1,0.5,0.5,1,0,10.1
2010003172,2010029345,VTS,2010-08-01 00:00:00,CRD,6.5,0.5,0.5,1,0,8.5
2010004421,2010003213,VTS,2010-08-01 00:00:00,CSH,19.7,0.5,0.5,0,0,20.7
2010013261,2010029207,VTS,2010-08-01 00:00:00,CSH,4.9,0.5,0.5,0,0,5.9
2010009569,2010009559,CMT,2010-08-01 00:00:00,CSH,11.3,0.5,0.5,0,0,12.3
2010009089,2010031246,VTS,2010-08-01 00:00:00,CSH,6.9,0.5,0.5,0,0,7.9
2010011109,2010026645,VTS,2010-08-01 00:00:00,CRD,17.3,0.5,0.5,0,0,18.3
2010004814,2010004811,VTS,2010-08-01 00:00:00,CRD,20.9,0.5,0.5,2,0,23.9
2010008964,2010008954,VTS,2010-08-01 00:00:00,CSH,15.7,0.5,0.5,0,0,16.7
2010003561,2010022484,VTS,2010-08-01 00:00:00,CRD,22.1,0.5,0.5,4,0,27.1
2010004435,2010004432,VTS,2010-08-01 00:00:00,CSH,2.9,0.5,0.5,0,0,3.9
2010006262,2010006258,VTS,2010-08-01 00:00:00,CRD,8.1,0.5,0.5,2,0,11.1
2010003489,2010033480,VTS,2010-08-01 00:00:00,CRD,6.9,0.5,0.5,1,0,8.9
2010001342,2010001342,VTS,2010-08-01 00:00:00,CRD,8.5,0.5,0.5,2.5,0,12
2010010404,2010010414,VTS,2010-08-01 00:00:00,CSH,6.5,0.5,0.5,0,0,7.5
2010009322,2010001064,VTS,2010-08-01 00:00:00,CSH,7.7,0.5,0.5,0,0,8.7
2010001343,2010001343,VTS,2010-08-01 00:00:00,CSH,9.3,0.5,0.5,0,0,10.3
2010009676,2010006029,VTS,2010-08-01 00:00:00,CRD,7.7,0.5,0.5,1,0,9.7
2010002216,2010002215,VTS,2010-08-01 00:00:00,CRD,24.9,0.5,0.5,5.08,0,30.98
2010005752,2010031014,VTS,2010-08-01 00:00:00,CRD,4.5,0.5,0.5,3,0,8.5
2010004684,2010014390,VTS,2010-08-01 00:00:00,CSH,3.7,0.5,0.5,0,0,4.7
2010010326,2010010325,VTS,2010-08-01 00:00:00,CRD,7.7,0.5,0.5,1.5,0,10.2
2010002858,2010002857,VTS,2010-08-01 00:00:00,CSH,7.7,0.5,0.5,0,0,8.7
2010005006,2010022443,VTS,2010-08-01 00:00:00,CRD,7.7,0.5,0.5,2,0,10.7
2010010461,2010032676,VTS,2010-08-01 00:00:00,CRD,8.9,0.5,0.5,1.5,0,11.4
2010002522,2010002521,VTS,2010-08-01 00:00:00,CRD,9.7,0.5,0.5,2,0,12.7
2010006427,2010032016,VTS,2010-08-01 00:00:00,CRD,12.9,0.5,0.5,2,0,15.9
2010010365,2010010367,CMT,2010-08-01 00:00:00,CSH,6.9,0.5,0.5,0,0,7.9
2010004714,2010004711,VTS,2010-08-01 00:00:00,CSH,6.9,0.5,0.5,0,0,7.9
2010005756,2010012528,VTS,2010-08-01 00:00:00,CRD,5.7,0.5,0.5,0.8,0,7.5
2010002474,2010002473,VTS,2010-08-01 00:00:00,CRD,14.1,0.5,0.5,2.92,0,18.02
2010002478,2010036854,VTS,2010-08-01 00:00:00,CSH,6.9,0.5,0.5,0,0,7.9
2010004443,2010004440,VTS,2010-08-01 00:00:00,CSH,6.9,0.5,0.5,0,0,7.9
2010008477,2010005796,VTS,2010-08-01 00:00:00,CSH,4.9,0.5,0.5,0,0,5.9
2010009484,2010009474,VTS,2010-08-01 00:00:00,CSH,18.1,0.5,0.5,0,0,19.1
2010009858,2010030187,VTS,2010-08-01 00:00:00,CRD,10.5,0.5,0.5,2,0,13.5
2010000528,2010000528,VTS,2010-08-01 00:00:00,CRD,13.3,0.5,0.5,1,0,15.3
2010008382,2010003616,VTS,2010-08-01 00:00:00,CRD,4.9,0.5,0.5,2,0,7.9
2010001593,2010001593,VTS,2010-08-01 00:00:00,CRD,8.9,0.5,0.5,1.5,0,11.4
2010005774,2010005771,VTS,2010-08-01 00:00:00,CRD,8.5,0.5,0.5,1,0,10.5
2010002747,2010002746,VTS,2010-08-01 00:00:00,CSH,2.9,0.5,0.5,0,0,3.9
2010013254,2010006602,VTS,2010-08-01 00:00:00,CSH,12.1,0.5,0.5,0,0,13.1
2010003227,2010003226,VTS,2010-08-01 00:00:00,CSH,16.9,0.5,0.5,0,0,17.9
2010011247,2010027113,VTS,2010-08-01 00:00:00,CSH,6.9,0.5,0.5,0,0,7.9
2010001553,2010001553,VTS,2010-08-01 00:00:00,CSH,13.3,0.5,0.5,0,0,14.3
2010005156,2010005153,VTS,2010-08-01 00:00:00,CRD,10.9,0.5,0.5,2,0,13.9
2010004996,2010017017,VTS,2010-08-01 00:00:00,CSH,20.9,0.5,0.5,0,0,21.9
2010007149,2010007144,VTS,2010-08-01 00:00:00,CSH,4.9,0.5,0.5,0,0,5.9
2010001097,2010001097,VTS,2010-08-01 00:00:00,CRD,8.1,0.5,0.5,2,0,11.1
2010008032,2010008024,VTS,2010-08-01 00:00:00,CSH,5.3,0.5,0.5,0,0,6.3
2010012916,2010008218,VTS,2010-08-01 00:00:00,CSH,6.1,0.5,0.5,0,0,7.1
2010002006,2010005091,VTS,2010-08-01 00:00:00,CRD,4.9,0.5,0.5,1,0,6.9
2010006763,2010031570,VTS,2010-08-01 00:00:00,CSH,7.7,0.5,0.5,0,0,8.7
2010006048,2010006044,VTS,2010-08-01 00:00:00,CSH,4.1,0.5,0.5,0,0,5.1
2010005255,2010006324,VTS,2010-08-01 00:00:00,CSH,23.3,0.5,0.5,0,0,24.3
2010007593,2010002222,VTS,2010-08-01 00:00:00,CSH,6.9,0.5,0.5,0,0,7.9
2010005895,2010013381,VTS,2010-08-01 00:00:00,CSH,12.1,0.5,0.5,0,0,13.1
2010006717,2010006713,VTS,2010-08-01 00:00:00,CRD,14.1,0.5,0.5,2.92,0,18.02
2010007175,2010000769,VTS,2010-08-01 00:00:00,CRD,8.5,0.5,0.5,2,0,11.5
2010007157,2010007152,VTS,2010-08-01 00:00:00,CRD,8.9,0.5,0.5,3,0,12.9
2010001351,2010001351,VTS,2010-08-01 00:00:00,CSH,5.3,0.5,0.5,0,0,6.3
2010004142,2010004139,VTS,2010-08-01 00:00:00,CRD,5.3,0.5,0.5,1,0,7.3
2010010963,2010022345,VTS,2010-08-01 00:00:00,CSH,7.3,0.5,0.5,0,0,8.3
2010003234,2010003233,VTS,2010-08-01 00:00:00,CSH,15.3,0.5,0.5,0,0,16.3
2010004155,2010015594,VTS,2010-08-01 00:00:00,CSH,6.5,0.5,0.5,0,0,7.5
2010007161,2010007156,VTS,2010-08-01 00:00:00,CRD,7.7,0.5,0.5,1.5,0,10.2
2010002869,2010035021,VTS,2010-08-01 00:00:00,CSH,8.5,0.5,0.5,0,0,9.5
2010009410,2010009400,CMT,2010-08-01 00:00:00,CSH,14.1,0.5,0.5,0,0,15.1
2010005831,2010022641,VTS,2010-08-01 00:00:00,CSH,4.5,0.5,0.5,0,0,5.5
2010008810,2010032741,VTS,2010-08-01 00:00:00,CSH,6.5,0.5,0.5,0,0,7.5
2010006870,2010006813,VTS,2010-08-01 00:00:00,CRD,14.1,0.5,0.5,2.92,0,18.02
2010006267,2010017762,VTS,2010-08-01 00:00:00,CSH,14.9,0.5,0.5,0,0,15.9
2010004023,2010003631,VTS,2010-08-01 00:00:00,CSH,17.3,0.5,0.5,0,0,18.3
2010006063,2010006059,VTS,2010-08-01 00:00:00,CSH,12.5,0.5,0.5,0,0,13.5
2010009655,2010009645,VTS,2010-08-01 00:00:00,CSH,6.1,0.5,0.5,0,0,7.1
2010010948,2010029491,VTS,2010-08-01 00:00:00,CRD,10.5,0.5,0.5,0.5,0,12
2010001492,2010001492,VTS,2010-08-01 00:00:00,CSH,22.1,0.5,0.5,0,0,23.1
2010001932,2010004846,VTS,2010-08-01 00:00:00,CRD,4.9,0.5,0.5,2,0,7.9
2010005490,2010005487,VTS,2010-08-01 00:00:00,CRD,14.1,0.5,0.5,1.9,0,17
2010011919,2010019014,VTS,2010-08-01 00:00:00,CSH,8.1,0.5,0.5,0,0,9.1
2010006823,2010006819,VTS,2010-08-01 00:00:00,CRD,10.5,0.5,0.5,5.5,0,17
2010000745,2010034595,VTS,2010-08-01 00:00:00,CRD,9.3,0.5,0.5,1.5,0,11.8
2010010751,2010017681,VTS,2010-08-01 00:00:00,CSH,8.5,0.5,0.5,0,0,9.5
2010009972,2010009962,VTS,2010-08-01 00:00:00,CSH,7.7,0.5,0.5,0,0,8.7
2010008268,2010008769,VTS,2010-08-01 00:00:00,CRD,7.7,0.5,0.5,1,0,9.7
2010004027,2010004024,VTS,2010-08-01 00:00:00,CSH,4.9,0.5,0.5,0,0,5.9
2010009093,2010006457,VTS,2010-08-01 00:00:00,CSH,12.9,0.5,0.5,0,0,13.9
2010011659,2010033986,VTS,2010-08-01 00:00:00,CSH,6.9,0.5,0.5,0,0,7.9
2010008564,2010007025,VTS,2010-08-01 00:00:00,CSH,16.5,0.5,0.5,0,0,17.5
2010004183,2010004180,VTS,2010-08-01 00:00:00,CSH,9.3,0.5,0.5,0,0,10.3
2010012760,2010004211,VTS,2010-08-01 00:00:00,CSH,16.5,0.5,0.5,0,0,17.5
2010003565,2010003243,VTS,2010-08-01 00:00:00,CRD,15.3,0.5,0.5,3.95,0,20.25
2010005182,2010006068,VTS,2010-08-01 00:00:00,CRD,9.3,0.5,0.5,1,0,11.3
2010005740,2010035937,VTS,2010-08-01 00:00:00,CRD,9.7,0.5,0.5,2,0,12.7
2010008170,2010008161,VTS,2010-08-01 00:00:00,CRD,15.3,0.5,0.5,3.16,0,19.46
2010010233,2010001475,VTS,2010-08-01 00:00:00,CRD,6.1,0.5,0.5,1,0,8.1
2010009973,2010009963,VTS,2010-08-01 00:00:00,CSH,6.5,0.5,0.5,0,0,7.5
2010007173,2010007168,VTS,2010-08-01 00:00:00,CRD,8.9,0.5,0.5,3,0,12.9
2010008841,2010002443,VTS,2010-08-01 00:00:00,CSH,6.9,0.5,0.5,0,0,7.9
2010004285,2010004282,VTS,2010-08-01 00:00:00,CRD,7.3,0.5,0.5,2,0,10.3
2010002188,2010002887,VTS,2010-08-01 00:00:00,CSH,5.7,0.5,0.5,0,0,6.7
2010001143,2010001143,VTS,2010-08-01 00:00:00,CRD,8.1,0.5,0.5,2,0,11.1
2010004479,2010004476,VTS,2010-08-01 00:00:00,CSH,9.7,0.5,0.5,0,0,10.7
2010004732,2010003248,VTS,2010-08-01 00:00:00,CRD,4.9,0.5,0.5,1.25,0,7.15
2010004532,2010004529,VTS,2010-08-01 00:00:00,CSH,7.7,0.5,0.5,0,0,8.7
2010003989,2010032753,VTS,2010-08-01 00:00:00,CSH,6.1,0.5,0.5,0,0,7.1
2010003678,2010008167,VTS,2010-08-01 00:00:00,CRD,5.3,0.5,0.5,2,0,8.3
2010002881,2010034695,VTS,2010-08-01 00:00:00,CRD,5.3,0.5,0.5,2.5,0,8.8
2010004300,2010004297,VTS,2010-08-01 00:00:00,CSH,11.7,0.5,0.5,0,0,12.7
2010004291,2010015627,VTS,2010-08-01 00:00:00,CSH,19.3,0.5,0.5,0,0,20.3
2010002955,2010011534,VTS,2010-08-01 00:00:00,CSH,26.9,0.5,0.5,0,0,27.9
2010007147,2010033863,VTS,2010-08-01 00:00:00,CSH,11.3,0.5,0.5,0,0,12.3
2010002651,2010002235,VTS,2010-08-01 00:00:00,CSH,6.5,0.5,0.5,0,0,7.5
2010008906,2010008896,VTS,2010-08-01 00:00:00,CSH,8.5,0.5,0.5,0,0,9.5
2010006155,2010006151,VTS,2010-08-01 00:00:00,CRD,10.1,0.5,0.5,1.9,0,13
2010001943,2010001943,VTS,2010-08-01 00:00:00,CRD,4.9,0.5,0.5,2,0,7.9
2010004051,2010004048,VTS,2010-08-01 00:00:00,CSH,13.7,0.5,0.5,0,0,14.7
2010002221,2010033628,VTS,2010-08-01 00:00:00,CRD,14.1,0.5,0.5,3.65,0,18.75
2010011417,2010017387,VTS,2010-08-01 00:00:00,CSH,6.5,0.5,0.5,0,0,7.5
2010003636,2010009618,VTS,2010-08-01 00:00:00,CRD,11.3,0.5,0.5,1,0,13.3
2010003257,2010003256,VTS,2010-08-01 00:00:00,CSH,12.1,0.5,0.5,0,0,13.1
2010008181,2010008172,VTS,2010-08-01 00:00:00,CSH,22.5,0.5,0.5,0,0,23.5
2010010676,2010011192,VTS,2010-08-01 00:00:00,CSH,11.3,0.5,0.5,0,0,12.3
2010003641,2010000345,VTS,2010-08-01 00:00:00,CRD,8.9,0.5,0.5,0,0,9.9
2010008984,2010017642,VTS,2010-08-01 00:00:00,CSH,14.5,0.5,0.5,0,0,15.5
2010002206,2010004982,VTS,2010-08-01 00:00:00,CSH,35.7,0.5,0.5,0,0,36.7
2010007226,2010004169,VTS,2010-08-01 00:00:00,CSH,6.1,0.5,0.5,0,0,7.1
2010000287,2010003016,VTS,2010-08-01 00:00:00,CRD,4.9,0.5,0.5,1,0,6.9
2010000671,2010018717,VTS,2010-08-01 00:00:00,CSH,10.1,0.5,0.5,0,0,11.1
2010008554,2010004643,VTS,2010-08-01 00:00:00,CSH,4.9,0.5,0.5,0,0,5.9
2010007382,2010001233,VTS,2010-08-01 00:00:00,CSH,8.5,0.5,0.5,0,0,9.5
2010006796,2010007745,VTS,2010-08-01 00:00:00,CRD,22.9,0.5,0.5,5.85,0,29.75
2010002358,2010030839,CMT,2010-08-01 00:00:00,CSH,6.5,0.5,0.5,0,0,7.5
2010006770,2010013243,VTS,2010-08-01 00:00:00,CSH,12.5,0.5,0.5,0,0,13.5
2010012226,2010021526,VTS,2010-08-01 00:00:00,CSH,7.7,0.5,0.5,0,0,8.7
2010008491,2010036472,VTS,2010-08-01 00:00:00,CSH,11.7,0.5,0.5,0,0,12.7
2010004873,2010004870,VTS,2010-08-01 00:00:00,CSH,5.7,0.5,0.5,0,0,6.7
2010012603,2010022717,VTS,2010-08-01 00:00:00,CRD,5.3,0.5,0.5,1.1,0,7.4
2010009492,2010009482,VTS,2010-08-01 00:00:00,CSH,5.3,0.5,0.5,0,0,6.3
2010004508,2010030220,VTS,2010-08-01 00:00:00,CRD,9.7,0.5,0.5,3,0,13.7
2010004403,2010036012,VTS,2010-08-01 00:00:00,CSH,9.7,0.5,0.5,0,0,10.7
2010001367,2010001367,VTS,2010-08-01 00:00:00,CRD,11.7,0.5,0.5,2,0,14.7
2010008967,2010018480,VTS,2010-08-01 00:00:00,CSH,12.1,0.5,0.5,0,0,13.1
2010007738,2010034389,VTS,2010-08-01 00:00:00,CSH,5.3,0.5,0.5,0,0,6.3
2010005841,2010029646,VTS,2010-08-01 00:00:00,CSH,12.9,0.5,0.5,0,0,13.9
2010009863,2010009852,VTS,2010-08-01 00:00:00,CRD,7.3,0.5,0.5,1,0,9.3
2010008282,2010032014,VTS,2010-08-01 00:00:00,CSH,6.1,0.5,0.5,0,0,7.1
2010005501,2010005498,VTS,2010-08-01 00:00:00,CSH,11.7,0.5,0.5,0,0,12.7
2010001144,2010001144,VTS,2010-08-01 00:00:00,CRD,8.1,0.5,0.5,1.5,0,10.6
2010011930,2010019671,VTS,2010-08-01 00:00:00,CRD,16.5,0.5,0.5,4.25,0,21.75
2010010143,2010021874,VTS,2010-08-01 00:00:00,CSH,10.9,0.5,0.5,0,0,11.9
2010005240,2010007585,VTS,2010-08-01 00:00:00,CRD,9.3,0.5,0.5,2,0,12.3
2010008763,2010008753,VTS,2010-08-01 00:00:00,CSH,6.9,0.5,0.5,0,0,7.9
2010003674,2010003671,VTS,2010-08-01 00:00:00,CSH,20.9,0.5,0.5,0,0,21.9
2010004065,2010001629,VTS,2010-08-01 00:00:00,CSH,10.5,0.5,0.5,0,0,11.5
2010009487,2010017399,VTS,2010-08-01 00:00:00,CRD,4.5,0.5,0.5,1,0,6.5
2010007705,2010026848,VTS,2010-08-01 00:00:00,CSH,4.5,0.5,0.5,0,0,5.5
2010002578,2010002577,VTS,2010-08-01 00:00:00,CSH,18.9,0.5,0.5,0,0,19.9
2010004049,2010004892,VTS,2010-08-01 00:00:00,CSH,10.9,0.5,0.5,0,0,11.9
2010004864,2010007393,VTS,2010-08-01 00:00:00,CRD,9.3,0.5,0.5,1.8,0,12.1
2010004738,2010005312,VTS,2010-08-01 00:00:00,CSH,12.9,0.5,0.5,0,0,13.9
2010011503,2010030498,VTS,2010-08-01 00:00:00,CSH,12.1,0.5,0.5,0,0,13.1
2010003067,2010003066,VTS,2010-08-01 00:00:00,CSH,4.9,0.5,0.5,0,0,5.9
2010004518,2010004515,VTS,2010-08-01 00:00:00,CRD,6.9,0.5,0.5,2,0,9.9
2010007520,2010013756,VTS,2010-08-01 00:00:00,CRD,11.7,0.5,0.5,0,0,12.7
2010008847,2010008837,VTS,2010-08-01 00:00:00,CSH,4.9,0.5,0.5,0,0,5.9
2010009310,2010005786,VTS,2010-08-01 00:00:00,CSH,8.5,0.5,0.5,0,0,9.5
2010009840,2010009829,VTS,2010-08-01 00:00:00,CRD,6.9,0.5,0.5,1,0,8.9
2010002672,2010002671,VTS,2010-08-01 00:00:00,CSH,9.3,0.5,0.5,0,0,10.3
2010002615,2010034756,CMT,2010-08-01 00:00:01,CSH,6.5,0.5,0.5,0,0,7.5
2010003160,2010024249,CMT,2010-08-01 00:00:01,CSH,50,0,0,0,0,50
2010008668,2010019472,CMT,2010-08-01 00:00:01,CSH,8.1,0.5,0.5,0,0,9.1
2010000980,2010032544,CMT,2010-08-01 00:00:01,CSH,4.5,0.5,0.5,0,0,5.5
2010000984,2010010142,CMT,2010-08-01 00:00:01,CRD,13.7,0.5,0.5,2.2,0,16.9
2010009286,2010009276,CMT,2010-08-01 00:00:01,CSH,4.9,0.5,0.5,0,0,5.9
2010012966,2010000404,CMT,2010-08-01 00:00:01,CSH,6.1,0.5,0.5,0,0,7.1
2010006335,2010006331,CMT,2010-08-01 00:00:01,CSH,6.1,0.5,0.5,0,0,7.1
2010006337,2010017318,CMT,2010-08-01 00:00:01,CSH,4.1,0.5,0.5,0,0,5.1
2010009906,2010009896,CMT,2010-08-01 00:00:02,CSH,9.3,0.5,0.5,0,0,10.3
2010003057,2010015637,CMT,2010-08-01 00:00:02,CRD,6.1,0.5,0.5,1.06,0,8.16
2010003321,2010018814,CMT,2010-08-01 00:00:02,CRD,8.5,0.5,0.5,2.2,0,11.7
2010007947,2010000611,CMT,2010-08-01 00:00:02,CSH,5.7,0.5,0.5,0,0,6.7
2010002264,2010009555,CMT,2010-08-01 00:00:03,CSH,7.3,0.5,0.5,0,0,8.3
2010000832,2010026770,CMT,2010-08-01 00:00:03,CSH,10.1,0.5,0.5,0,0,11.1
2010002795,2010002794,CMT,2010-08-01 00:00:03,CSH,7.3,0.5,0.5,0,0,8.3
2010005070,2010005067,CMT,2010-08-01 00:00:03,CSH,8.1,0.5,0.5,0,0,9.1
2010001345,2010001345,CMT,2010-08-01 00:00:04,CSH,8.1,0.5,0.5,0,0,9.1
2010003518,2010003515,CMT,2010-08-01 00:00:04,CRD,9.3,0.5,0.5,3,0,13.3
2010011664,2010031900,CMT,2010-08-01 00:00:04,CRD,8.9,0.5,0.5,2.47,0,12.37
2010009294,2010035163,CMT,2010-08-01 00:00:05,CSH,12.1,0.5,0.5,0,0,13.1
2010008424,2010017981,CMT,2010-08-01 00:00:05,CSH,4.5,0.5,0.5,0,0,5.5
2010007840,2010016759,CMT,2010-08-01 00:00:05,CSH,7.7,0.5,0.5,0,0,8.7
2010007041,2010034956,CMT,2010-08-01 00:00:05,CSH,11.7,0.5,0.5,0,0,12.7
2010008334,2010001250,CMT,2010-08-01 00:00:06,CRD,10.1,0.5,0.5,1,0,12.1
2010002748,2010017826,CMT,2010-08-01 00:00:06,CRD,6.1,0.5,0.5,1,0,8.1
2010005964,2010030813,CMT,2010-08-01 00:00:07,CSH,9.7,0.5,0.5,0,0,10.7
2010004976,2010002791,CMT,2010-08-01 00:00:08,CSH,6.5,0.5,0.5,0,0,7.5
2010001544,2010001544,CMT,2010-08-01 00:00:08,CSH,12.1,0.5,0.5,0,0,13.1
2010005544,2010027997,CMT,2010-08-01 00:00:08,CSH,6.1,0.5,0.5,0,0,7.1
2010010879,2010036170,CMT,2010-08-01 00:00:08,CSH,7.7,0.5,0.5,0,0,8.7
2010002326,2010002325,CMT,2010-08-01 00:00:08,CSH,4.1,0.5,0.5,0,0,5.1
2010001252,2010027312,CMT,2010-08-01 00:00:09,CSH,10.1,0.5,0.5,0,0,11.1
2010003404,2010000619,CMT,2010-08-01 00:00:09,CSH,8.5,0.5,0.5,0,0,9.5
2010006613,2010035276,CMT,2010-08-01 00:00:10,CRD,10.5,0.5,0.5,2.3,0,13.8
2010005932,2010000736,CMT,2010-08-01 00:00:10,CRD,6.9,0.5,0.5,1.5,0,9.4
2010009694,2010015505,CMT,2010-08-01 00:00:10,CRD,4.9,0.5,0.5,1.18,0,7.08
2010005515,2010005512,CMT,2010-08-01 00:00:10,CSH,9.7,0.5,0.5,0,0,10.7
2010006651,2010000694,CMT,2010-08-01 00:00:11,CSH,8.9,0.5,0.5,0,0,9.9
2010000011,2010009256,CMT,2010-08-01 00:00:11,CSH,9.7,0.5,0.5,0,0,10.7
2010009169,2010024427,CMT,2010-08-01 00:00:11,CRD,14.9,0.5,0.5,3.18,0,19.08
2010000344,2010000344,CMT,2010-08-01 00:00:11,CSH,5.7,0.5,0.5,0,0,6.7
2010009616,2010029226,CMT,2010-08-01 00:00:11,CSH,10.5,0.5,0.5,0,0,11.5
2010003764,2010022628,CMT,2010-08-01 00:00:12,CSH,13.3,0.5,0.5,0,0,14.3
2010011086,2010031292,CMT,2010-08-01 00:00:12,CSH,7.7,0.5,0.5,0,0,8.7
2010000484,2010000484,CMT,2010-08-01 00:00:12,CRD,12.5,0.5,0.5,2.7,0,16.2
2010009212,2010022692,CMT,2010-08-01 00:00:12,CSH,7.7,0.5,0.5,0,0,8.7
2010007674,2010007666,CMT,2010-08-01 00:00:12,CRD,8.9,0.5,0.5,1.98,0,11.88
2010003528,2010003525,CMT,2010-08-01 00:00:12,CSH,10.9,0.5,0.5,0,0,11.9
2010005011,2010003804,CMT,2010-08-01 00:00:12,CSH,4.9,0.5,0.5,0,0,5.9
2010006151,2010006147,CMT,2010-08-01 00:00:13,CRD,9.3,0.5,0.5,1,0,11.3
2010009326,2010036633,CMT,2010-08-01 00:00:13,CSH,5.7,0.5,0.5,0,0,6.7
2010000034,2010000034,CMT,2010-08-01 00:00:14,CRD,5.7,0.5,0.5,1,0,7.7
2010009783,2010002314,CMT,2010-08-01 00:00:14,CSH,2.5,0.5,0.5,0,0,3.5
2010005362,2010035600,CMT,2010-08-01 00:00:14,CSH,7.3,0.5,0.5,0,0,8.3
2010004221,2010035637,CMT,2010-08-01 00:00:14,CSH,13.3,0.5,0.5,0,0,14.3
2010000055,2010000055,CMT,2010-08-01 00:00:14,CSH,5.3,0.5,0.5,0,0,6.3
2010005437,2010005434,CMT,2010-08-01 00:00:14,CSH,11.3,0.5,0.5,0,0,12.3
2010004696,2010027576,CMT,2010-08-01 00:00:14,CSH,10.5,0.5,0.5,0,0,11.5
2010005058,2010005055,CMT,2010-08-01 00:00:14,CRD,4.9,0.5,0.5,1.47,0,7.37
2010000992,2010004557,CMT,2010-08-01 00:00:15,CRD,17.3,0.5,0.5,4.57,0,22.87
2010003137,2010017074,CMT,2010-08-01 00:00:15,CSH,4.1,0.5,0.5,0,0,5.1
2010005085,2010005082,CMT,2010-08-01 00:00:15,CRD,15.3,0.5,0.5,3.26,0,19.56
2010003128,2010003127,CMT,2010-08-01 00:00:15,CSH,13.3,0.5,0.5,0,0,14.3
2010008768,2010008758,CMT,2010-08-01 00:00:15,CRD,4.5,0.5,0.5,1,0,6.5
2010000774,2010016460,CMT,2010-08-01 00:00:16,CRD,14.5,0.5,0.5,2.32,0,17.82
2010001289,2010028631,CMT,2010-08-01 00:00:16,CSH,12.1,0.5,0.5,0,0,13.1
2010001064,2010027880,CMT,2010-08-01 00:00:17,CSH,9.3,0.5,0.5,0,0,10.3
2010007927,2010007919,CMT,2010-08-01 00:00:17,CSH,12.1,0.5,0.5,0,0,13.1
2010002157,2010026301,CMT,2010-08-01 00:00:17,CSH,21.7,0.5,0.5,0,4.57,27.27
2010000995,2010000995,CMT,2010-08-01 00:00:17,CRD,8.5,0.5,0.5,1.42,0,10.92
2010013121,2010027112,CMT,2010-08-01 00:00:17,CRD,12.5,0.5,0.5,0,0,13.5
2010001053,2010002112,CMT,2010-08-01 00:00:18,CRD,9.3,0.5,0.5,0,0,10.3
2010002631,2010002630,CMT,2010-08-01 00:00:19,CRD,4.5,0.5,0.5,0.82,0,6.32
2010004628,2010022371,CMT,2010-08-01 00:00:19,CSH,5.3,0.5,0.5,0,0,6.3
2010003445,2010018719,CMT,2010-08-01 00:00:19,CSH,21.3,0.5,0.5,0,0,22.3
2010003699,2010003696,CMT,2010-08-01 00:00:19,CSH,5.7,0.5,0.5,0,0,6.7
2010010953,2010018947,CMT,2010-08-01 00:00:20,CSH,10.1,0.5,0.5,0,0,11.1
2010001742,2010001053,CMT,2010-08-01 00:00:20,CRD,15.7,0.5,0.5,3,0,19.7
2010006990,2010006986,CMT,2010-08-01 00:00:20,CSH,12.9,0.5,0.5,0,0,13.9
2010007296,2010006219,CMT,2010-08-01 00:00:20,CSH,6.5,0.5,0.5,0,0,7.5
2010001154,2010001730,CMT,2010-08-01 00:00:20,CSH,4.5,0.5,0.5,0,0,5.5
2010005879,2010005391,CMT,2010-08-01 00:00:20,CRD,7.3,0.5,0.5,2,0,10.3
2010004193,2010004190,CMT,2010-08-01 00:00:21,CSH,12.5,0.5,0.5,0,0,13.5
2010007298,2010007291,CMT,2010-08-01 00:00:21,CSH,5.3,0.5,0.5,0,0,6.3
2010001812,2010030887,CMT,2010-08-01 00:00:21,CRD,14.1,0.5,0.5,2.26,0,17.36
2010003475,2010003472,CMT,2010-08-01 00:00:21,CRD,25.3,0.5,0.5,3.94,0,30.24
2010013173,2010009007,CMT,2010-08-01 00:00:22,CSH,7.7,0.5,0.5,0,0,8.7
2010000153,2010032317,CMT,2010-08-01 00:00:22,CRD,10.1,0.5,0.5,2.22,0,13.32
2010001999,2010001999,CMT,2010-08-01 00:00:22,CRD,10.1,0.5,0.5,2.22,0,13.32
2010003817,2010004985,CMT,2010-08-01 00:00:23,CSH,8.9,0.5,0.5,0,0,9.9
2010009695,2010009684,CMT,2010-08-01 00:00:23,CSH,20.1,0.5,0.5,0,0,21.1
2010002055,2010019862,CMT,2010-08-01 00:00:24,CRD,14.5,0.5,0.5,1.5,0,17
2010006131,2010007407,CMT,2010-08-01 00:00:24,CSH,3.7,0.5,0.5,0,0,4.7
2010005326,2010018862,CMT,2010-08-01 00:00:24,CSH,11.7,0.5,0.5,0,0,12.7
2010002442,2010004950,CMT,2010-08-01 00:00:25,CSH,7.3,0.5,0.5,0,0,8.3
2010009902,2010031501,CMT,2010-08-01 00:00:25,CSH,6.5,0.5,0.5,0,0,7.5
2010005033,2010010741,CMT,2010-08-01 00:00:25,CSH,9.7,0.5,0.5,0,0,10.7
2010000020,2010000020,CMT,2010-08-01 00:00:25,CSH,3.7,0.5,0.5,0,0,4.7
2010000164,2010000164,CMT,2010-08-01 00:00:25,CSH,20.5,0.5,0.5,0,0,21.5
2010004740,2010004737,CMT,2010-08-01 00:00:25,CSH,8.5,0.5,0.5,0,0,9.5
2010004286,2010014851,CMT,2010-08-01 00:00:27,CSH,9.3,0.5,0.5,0,0,10.3
2010001787,2010001787,CMT,2010-08-01 00:00:27,CSH,4.1,0.5,0.5,0,0,5.1
2010001527,2010004927,CMT,2010-08-01 00:00:28,CRD,11.7,0.5,0.5,1.9,0,14.6
2010008239,2010036452,CMT,2010-08-01 00:00:28,CRD,12.5,0.5,0.5,2.7,0,16.2
2010000938,2010022440,CMT,2010-08-01 00:00:28,CRD,6.1,0.5,0.5,6.9,0,14
2010009764,2010009753,CMT,2010-08-01 00:00:28,CSH,6.9,0.5,0.5,0,0,7.9
2010002475,2010022377,CMT,2010-08-01 00:00:28,CRD,8.9,0.5,0.5,1.5,0,11.4
2010001860,2010001860,CMT,2010-08-01 00:00:29,CSH,4.1,0.5,0.5,0,0,5.1
2010009377,2010022518,CMT,2010-08-01 00:00:29,CSH,6.1,0.5,0.5,0,0,7.1
2010005908,2010029483,CMT,2010-08-01 00:00:29,CRD,4.9,0.5,0.5,0.88,0,6.78
2010003175,2010012910,CMT,2010-08-01 00:00:29,CSH,13.7,0.5,0.5,0,0,14.7
2010013297,2010003474,CMT,2010-08-01 00:00:30,CSH,6.5,0.5,0.5,0,0,7.5
2010000997,2010003682,CMT,2010-08-01 00:00:30,CSH,9.3,0.5,0.5,0,0,10.3
2010010190,2010010183,CMT,2010-08-01 00:00:30,CSH,11.3,0.5,0.5,0,0,12.3
2010008086,2010007481,CMT,2010-08-01 00:00:30,CSH,4.5,0.5,0.5,0,0,5.5
2010001643,2010022517,CMT,2010-08-01 00:00:30,CSH,6.1,0.5,0.5,0,0,7.1
2010008209,2010006539,CMT,2010-08-01 00:00:31,CRD,5.7,0.5,0.5,1,0,7.7
2010003689,2010009561,CMT,2010-08-01 00:00:31,CRD,10.1,0.5,0.5,1,0,12.1
2010003942,2010003939,CMT,2010-08-01 00:00:31,CSH,4.5,0.5,0.5,0,0,5.5
2010002181,2010030781,CMT,2010-08-01 00:00:31,CSH,8.9,0.5,0.5,0,0,9.9
2010007928,2010035318,CMT,2010-08-01 00:00:31,CSH,11.3,0.5,0.5,0,0,12.3
2010009725,2010009714,CMT,2010-08-01 00:00:32,CSH,7.7,0.5,0.5,0,0,8.7
2010001175,2010001175,CMT,2010-08-01 00:00:32,CSH,12.9,0.5,0.5,0,0,13.9
2010005810,2010005806,CMT,2010-08-01 00:00:33,CSH,4.9,0.5,0.5,0,0,5.9
2010003378,2010018019,CMT,2010-08-01 00:00:33,CRD,6.5,0.5,0.5,1.5,0,9
2010007477,2010007469,CMT,2010-08-01 00:00:34,CSH,7.3,0.5,0.5,0,0,8.3
2010001442,2010001442,CMT,2010-08-01 00:00:34,CSH,4.5,0.5,0.5,0,0,5.5
2010008440,2010003852,CMT,2010-08-01 00:00:35,CSH,4.5,0.5,0.5,0,0,5.5
2010000814,2010000814,CMT,2010-08-01 00:00:36,CRD,14.5,0.5,0.5,2.32,0,17.82
2010001679,2010001679,CMT,2010-08-01 00:00:36,CSH,8.5,0.5,0.5,0,0,9.5
2010000555,2010000555,CMT,2010-08-01 00:00:36,CSH,8.9,0.5,0.5,0,0,9.9
2010003014,2010003013,CMT,2010-08-01 00:00:36,CRD,21.3,0.5,0.5,2,0,24.3
2010002674,2010002356,CMT,2010-08-01 00:00:36,CSH,9.3,0.5,0.5,0,0,10.3
2010001198,2010009200,CMT,2010-08-01 00:00:36,CSH,10.1,0.5,0.5,0,0,11.1
2010003806,2010030586,CMT,2010-08-01 00:00:37,CRD,4.5,0.5,0.5,1.1,0,6.6
2010007949,2010007941,CMT,2010-08-01 00:00:37,CSH,6.1,0.5,0.5,0,0,7.1
2010001276,2010029735,CMT,2010-08-01 00:00:37,CRD,24.5,0.5,0.5,2,0,27.5
2010013047,2010016660,CMT,2010-08-01 00:00:37,CSH,7.7,0.5,0.5,0,0,8.7
2010001736,2010034156,CMT,2010-08-01 00:00:37,CSH,5.7,0.5,0.5,0,0,6.7
2010008211,2010008284,CMT,2010-08-01 00:00:37,CSH,8.5,0.5,0.5,0,0,9.5
2010009389,2010004768,CMT,2010-08-01 00:00:38,CRD,8.5,0.5,0.5,1.5,0,11
2010002050,2010002050,CMT,2010-08-01 00:00:38,CRD,11.7,0.5,0.5,1.9,0,14.6
2010008092,2010008083,CMT,2010-08-01 00:00:38,CSH,4.9,0.5,0.5,0,0,5.9
2010004564,2010007812,CMT,2010-08-01 00:00:38,CSH,4.1,0.5,0.5,0,0,5.1
2010008221,2010018446,CMT,2010-08-01 00:00:38,CSH,5.7,0.5,0.5,0,0,6.7
2010003708,2010010348,CMT,2010-08-01 00:00:38,CRD,12.9,0.5,0.5,1.5,0,15.4
2010011248,2010018684,CMT,2010-08-01 00:00:38,CRD,9.7,0.5,0.5,2.14,0,12.84
2010005772,2010005769,CMT,2010-08-01 00:00:39,CSH,14.5,0.5,0.5,0,0,15.5
2010004157,2010004154,CMT,2010-08-01 00:00:39,CSH,4.5,0.5,0.5,0,0,5.5
2010010403,2010000607,CMT,2010-08-01 00:00:39,CSH,6.5,0.5,0.5,0,0,7.5
2010013396,2010007790,CMT,2010-08-01 00:00:40,CSH,4.9,0.5,0.5,0,0,5.9
2010007799,2010007791,CMT,2010-08-01 00:00:40,CRD,7.3,0.5,0.5,1.24,0,9.54
2010001644,2010003743,CMT,2010-08-01 00:00:40,CSH,4.9,0.5,0.5,0,0,5.9
2010007933,2010009529,CMT,2010-08-01 00:00:40,CSH,6.9,0.5,0.5,0,0,7.9
2010002602,2010005873,CMT,2010-08-01 00:00:40,CRD,7.3,0.5,0.5,1.24,0,9.54
2010002068,2010035913,CMT,2010-08-01 00:00:40,CRD,14.1,0.5,0.5,2.26,0,17.36
2010009867,2010003406,CMT,2010-08-01 00:00:40,CSH,3.3,0.5,0.5,0,0,4.3
2010000554,2010000554,CMT,2010-08-01 00:00:40,CSH,7.7,0.5,0.5,0,0,8.7
2010003887,2010031952,CMT,2010-08-01 00:00:41,CSH,8.5,0.5,0.5,0,0,9.5
2010013280,2010036162,CMT,2010-08-01 00:00:41,CSH,6.9,0.5,0.5,0,0,7.9
2010010595,2010001522,CMT,2010-08-01 00:00:41,CSH,7.3,0.5,0.5,0,0,8.3
2010000816,2010000816,CMT,2010-08-01 00:00:41,CSH,11.7,0.5,0.5,0,0,12.7
2010000775,2010032991,CMT,2010-08-01 00:00:42,CSH,16.9,0.5,0.5,0,4.57,22.47
2010011397,2010017334,CMT,2010-08-01 00:00:42,CSH,8.5,0.5,0.5,0,0,9.5
2010005061,2010005058,CMT,2010-08-01 00:00:42,CSH,11.7,0.5,0.5,0,0,12.7
2010003900,2010009266,CMT,2010-08-01 00:00:43,CSH,9.3,0.5,0.5,0,0,10.3
2010002622,2010002621,CMT,2010-08-01 00:00:43,CSH,7.3,0.5,0.5,0,0,8.3
2010009236,2010003601,CMT,2010-08-01 00:00:43,CRD,5.3,0.5,0.5,1.57,0,7.87
2010001406,2010001406,CMT,2010-08-01 00:00:43,CSH,10.1,0.5,0.5,0,0,11.1
2010001459,2010002348,CMT,2010-08-01 00:00:44,CRD,6.1,0.5,0.5,1.42,0,8.52
2010009811,2010027820,CMT,2010-08-01 00:00:44,CSH,4.9,0.5,0.5,0,0,5.9
2010002053,2010002053,CMT,2010-08-01 00:00:44,CRD,6.9,0.5,0.5,1.18,0,9.08
2010005550,2010009374,CMT,2010-08-01 00:00:44,CRD,25.7,0.5,0.5,3,0,29.7
2010005030,2010032316,CMT,2010-08-01 00:00:45,CSH,6.1,0.5,0.5,0,0,7.1
2010002809,2010017995,CMT,2010-08-01 00:00:46,CSH,8.9,0.5,0.5,0,0,9.9
2010004999,2010018200,CMT,2010-08-01 00:00:46,CSH,12.1,0.5,0.5,0,0,13.1
2010000443,2010000443,CMT,2010-08-01 00:00:46,CSH,17.7,0.5,0.5,0,0,18.7
2010002420,2010002419,CMT,2010-08-01 00:00:46,CSH,8.9,0.5,0.5,0,0,9.9
2010000956,2010007480,CMT,2010-08-01 00:00:47,CSH,12.1,0.5,0.5,0,0,13.1
2010009218,2010009207,CMT,2010-08-01 00:00:47,CRD,8.9,0.5,0.5,1.48,0,11.38
2010013046,2010026570,CMT,2010-08-01 00:00:47,CSH,5.7,0.5,0.5,0,0,6.7
2010010659,2010031719,CMT,2010-08-01 00:00:47,CSH,19.7,0.5,0.5,0,0,20.7
2010001162,2010001162,CMT,2010-08-01 00:00:48,CSH,12.9,0.5,0.5,0,0,13.9
2010002986,2010036018,CMT,2010-08-01 00:00:48,CSH,8.9,0.5,0.5,0,0,9.9
2010012886,2010022927,CMT,2010-08-01 00:00:48,CRD,10.5,0.5,0.5,2,0,13.5
2010010068,2010010059,CMT,2010-08-01 00:00:48,NOC,2.9,0.5,0.5,0,0,3.9
2010000890,2010036607,CMT,2010-08-01 00:00:49,CSH,4.5,0.5,0.5,0,0,5.5
2010011633,2010009520,CMT,2010-08-01 00:00:49,CRD,10.1,0.5,0.5,1,0,12.1
2010005472,2010022200,CMT,2010-08-01 00:00:49,CSH,6.5,0.5,0.5,0,0,7.5
2010000155,2010000155,CMT,2010-08-01 00:00:49,CRD,8.1,0.5,0.5,1.36,0,10.46
2010005737,2010026540,CMT,2010-08-01 00:00:49,CRD,8.5,0.5,0.5,1,0,10.5
2010007777,2010022576,CMT,2010-08-01 00:00:50,CSH,4.9,0.5,0.5,0,0,5.9
2010002357,2010028989,CMT,2010-08-01 00:00:50,CSH,12.1,0.5,0.5,0,0,13.1
2010003752,2010003299,CMT,2010-08-01 00:00:51,CSH,9.7,0.5,0.5,0,0,10.7
2010009638,2010009628,CMT,2010-08-01 00:00:51,CSH,23.7,0.5,0.5,0,0,24.7
2010003869,2010003866,CMT,2010-08-01 00:00:51,CRD,7.7,0.5,0.5,1.74,0,10.44
2010013042,2010003078,CMT,2010-08-01 00:00:52,CSH,10.5,0.5,0.5,0,0,11.5
2010011858,2010018801,CMT,2010-08-01 00:00:52,CRD,34,0,0,9.66,6,49.66
2010003368,2010007949,CMT,2010-08-01 00:00:52,CSH,4.1,0.5,0.5,0,0,5.1
2010007426,2010010041,CMT,2010-08-01 00:00:52,CSH,8.5,0.5,0.5,0,0,9.5
2010005442,2010005439,CMT,2010-08-01 00:00:52,CSH,9.7,0.5,0.5,0,0,10.7
2010003340,2010003337,CMT,2010-08-01 00:00:53,CSH,20.5,0.5,0.5,0,0,21.5
2010010709,2010011704,CMT,2010-08-01 00:00:53,CSH,6.1,0.5,0.5,0,0,7.1
2010009705,2010009694,CMT,2010-08-01 00:00:53,CRD,6.9,0.5,0.5,1.58,0,9.48
2010005537,2010005534,CMT,2010-08-01 00:00:54,CSH,13.7,0.5,0.5,0,0,14.7
2010004619,2010032447,CMT,2010-08-01 00:00:54,CRD,23.3,0.5,0.5,4.86,0,29.16
2010002692,2010002691,CMT,2010-08-01 00:00:54,CSH,6.1,0.5,0.5,0,0,7.1
2010007934,2010007926,CMT,2010-08-01 00:00:54,CSH,18.1,0.5,0.5,0,0,19.1
2010004151,2010000744,CMT,2010-08-01 00:00:55,CSH,4.5,0.5,0.5,0,0,5.5
2010013279,2010029099,CMT,2010-08-01 00:00:55,CSH,6.9,0.5,0.5,0,0,7.9
2010009290,2010036237,CMT,2010-08-01 00:00:55,CSH,3.7,0.5,0.5,0,0,4.7
2010012275,2010021701,CMT,2010-08-01 00:00:55,CSH,6.9,0.5,0.5,0,0,7.9
2010007294,2010007287,CMT,2010-08-01 00:00:56,CSH,15.7,0.5,0.5,0,0,16.7
2010000945,2010000795,CMT,2010-08-01 00:00:56,CSH,14.9,0.5,0.5,0,0,15.9
2010002337,2010002336,CMT,2010-08-01 00:00:56,CSH,9.3,0.5,0.5,0,0,10.3
2010002005,2010033584,CMT,2010-08-01 00:00:57,CSH,4.5,0.5,0.5,0,0,5.5
2010008717,2010008709,CMT,2010-08-01 00:00:57,CSH,10.9,0.5,0.5,0,0,11.9
2010000798,2010009911,CMT,2010-08-01 00:00:57,CSH,10.9,0.5,0.5,0,0,11.9
2010000023,2010000023,CMT,2010-08-01 00:00:57,CSH,4.5,0.5,0.5,0,0,5.5
2010011595,2010010991,CMT,2010-08-01 00:00:58,CSH,5.3,0.5,0.5,0,0,6.3
2010005360,2010021907,CMT,2010-08-01 00:00:58,CRD,9.7,0.5,0.5,2.4,0,13.1
2010007838,2010007830,CMT,2010-08-01 00:00:58,CSH,8.1,0.5,0.5,0,0,9.1
2010000487,2010000487,CMT,2010-08-01 00:00:58,CSH,8.1,0.5,0.5,0,0,9.1
2010007621,2010007613,CMT,2010-08-01 00:00:58,CRD,12.1,0.5,0.5,1,0,14.1
2010006275,2010001419,CMT,2010-08-01 00:00:58,CRD,3.7,0.5,0.5,0.7,0,5.4
2010005465,2010009329,CMT,2010-08-01 00:00:59,CSH,5.3,0.5,0.5,0,0,6.3
2010003124,2010004702,CMT,2010-08-01 00:00:59,CSH,5.3,0.5,0.5,0,0,6.3
2010001448,2010001448,CMT,2010-08-01 00:00:59,CSH,9.7,0.5,0.5,0,0,10.7
2010003916,2010011908,VTS,2010-08-01 00:01:00,CRD,5.7,0.5,0.5,1,0,7.7
2010008530,2010008521,VTS,2010-08-01 00:01:00,CSH,12.9,0.5,0.5,0,0,13.9
2010003943,2010003940,VTS,2010-08-01 00:01:00,CSH,6.5,0.5,0.5,0,0,7.5
2010002192,2010004967,VTS,2010-08-01 00:01:00,CSH,15.3,0.5,0.5,0,0,16.3
2010008882,2010008872,VTS,2010-08-01 00:01:00,CSH,5.7,0.5,0.5,0,0,6.7
2010008623,2010008615,VTS,2010-08-01 00:01:00,CSH,18.5,0.5,0.5,0,0,19.5
2010003892,2010003889,VTS,2010-08-01 00:01:00,CRD,12.1,0.5,0.5,3,0,16.1
2010006751,2010017242,VTS,2010-08-01 00:01:00,CSH,6.5,0.5,0.5,0,0,7.5
2010004030,2010004771,VTS,2010-08-01 00:01:00,CSH,6.9,0.5,0.5,0,0,7.9
2010005050,2010005047,VTS,2010-08-01 00:01:00,CSH,14.9,0.5,0.5,0,0,15.9
2010000694,2010000704,CMT,2010-08-01 00:01:00,CSH,14.9,0.5,0.5,0,0,15.9
2010011257,2010016795,VTS,2010-08-01 00:01:00,CSH,18.5,0.5,0.5,0,0,19.5
2010009035,2010012657,VTS,2010-08-01 00:01:00,CRD,12.9,0.5,0.5,2,0,15.9
2010007111,2010001315,VTS,2010-08-01 00:01:00,CSH,6.9,0.5,0.5,0,0,7.9
2010004776,2010004773,VTS,2010-08-01 00:01:00,CSH,4.9,0.5,0.5,0,0,5.9
2010005583,2010005580,VTS,2010-08-01 00:01:00,CSH,4.1,0.5,0.5,0,0,5.1
2010004638,2010004635,VTS,2010-08-01 00:01:00,CSH,10.1,0.5,0.5,0,0,11.1
2010009239,2010016605,VTS,2010-08-01 00:01:00,CRD,4.5,0.5,0.5,2,0,7.5
2010011464,2010018432,VTS,2010-08-01 00:01:00,CSH,10.1,0.5,0.5,0,0,11.1
2010006738,2010006734,VTS,2010-08-01 00:01:00,CSH,6.1,0.5,0.5,0,0,7.1
2010003527,2010029080,VTS,2010-08-01 00:01:00,CRD,3.7,0.5,0.5,2,0,6.7
2010006876,2010001849,VTS,2010-08-01 00:01:00,CSH,9.7,0.5,0.5,0,0,10.7
2010004985,2010022631,VTS,2010-08-01 00:01:00,CRD,9.7,0.5,0.5,1,0,11.7
2010004377,2010004374,VTS,2010-08-01 00:01:00,CRD,5.7,0.5,0.5,2,0,8.7
2010001964,2010028292,VTS,2010-08-01 00:01:00,CRD,10.5,0.5,0.5,0.5,0,12
2010005665,2010005996,VTS,2010-08-01 00:01:00,CSH,5.7,0.5,0.5,0,0,6.7
2010011243,2010014307,VTS,2010-08-01 00:01:00,CSH,6.1,0.5,0.5,0,0,7.1
2010010292,2010010287,VTS,2010-08-01 00:01:00,CSH,4.9,0.5,0.5,0,0,5.9
2010006755,2010006751,VTS,2010-08-01 00:01:00,CSH,4.9,0.5,0.5,0,0,5.9
2010013198,2010022379,VTS,2010-08-01 00:01:00,CRD,32.5,0.5,0.5,6.6,0,40.1
2010011235,2010026702,VTS,2010-08-01 00:01:00,CSH,4.5,0.5,0.5,0,0,5.5
2010003620,2010020062,VTS,2010-08-01 00:01:00,CSH,6.1,0.5,0.5,0,0,7.1
2010006164,2010028700,VTS,2010-08-01 00:01:00,CSH,6.9,0.5,0.5,0,0,7.9
2010008956,2010003957,VTS,2010-08-01 00:01:00,CRD,30.1,0.5,0.5,7.65,0,38.75
2010001371,2010034935,VTS,2010-08-01 00:01:00,CRD,5.3,0.5,0.5,3,0,9.3
2010003572,2010003569,VTS,2010-08-01 00:01:00,CSH,5.3,0.5,0.5,0,0,6.3
2010002523,2010031067,VTS,2010-08-01 00:01:00,CSH,5.3,0.5,0.5,0,0,6.3
2010005812,2010005808,VTS,2010-08-01 00:01:00,CRD,10.5,0.5,0.5,1,0,12.5
2010008886,2010001574,VTS,2010-08-01 00:01:00,CSH,3.3,0.5,0.5,0,0,4.3
2010011408,2010017364,VTS,2010-08-01 00:01:00,CSH,4.1,0.5,0.5,0,0,5.1
2010004393,2010002741,VTS,2010-08-01 00:01:00,CRD,14.5,0.5,0.5,3,0,18.5
2010004240,2010004237,VTS,2010-08-01 00:01:00,CSH,14.9,0.5,0.5,0,0,15.9
2010003963,2010003960,VTS,2010-08-01 00:01:00,CRD,23.3,0.5,0.5,5.95,0,30.25
2010010760,2010017365,VTS,2010-08-01 00:01:00,CRD,4.9,0.5,0.5,2,0,7.9
2010003196,2010003195,VTS,2010-08-01 00:01:00,CRD,6.1,0.5,0.5,1,0,8.1
2010010684,2010010596,VTS,2010-08-01 00:01:00,CSH,10.9,0.5,0.5,0,0,11.9
2010006102,2010032540,VTS,2010-08-01 00:01:00,CSH,10.9,0.5,0.5,0,0,11.9
2010003832,2010002730,VTS,2010-08-01 00:01:00,CSH,6.1,0.5,0.5,0,0,7.1
2010010302,2010010298,VTS,2010-08-01 00:01:00,CSH,5.7,0.5,0.5,0,0,6.7
2010001531,2010016994,VTS,2010-08-01 00:01:00,CRD,10.5,0.5,0.5,2,0,13.5
2010012261,2010024345,VTS,2010-08-01 00:01:00,CSH,8.1,0.5,0.5,0,0,9.1
2010002011,2010034397,VTS,2010-08-01 00:01:00,CSH,4.1,0.5,0.5,0,0,5.1
2010002146,2010027289,VTS,2010-08-01 00:01:00,CSH,8.9,0.5,0.5,0,0,9.9
2010009750,2010000520,VTS,2010-08-01 00:01:00,CSH,5.7,0.5,0.5,0,0,6.7
2010011326,2010018691,VTS,2010-08-01 00:01:00,CSH,14.1,0.5,0.5,0,0,15.1
2010009301,2010009291,VTS,2010-08-01 00:01:00,CRD,7.3,0.5,0.5,1,0,9.3
2010008397,2010027587,VTS,2010-08-01 00:01:00,CRD,10.1,0.5,0.5,1,0,12.1
2010008908,2010029741,VTS,2010-08-01 00:01:00,CRD,10.9,0.5,0.5,2,0,13.9
2010004184,2010018674,VTS,2010-08-01 00:01:00,CSH,13.3,0.5,0.5,0,0,14.3
2010007560,2010028692,VTS,2010-08-01 00:01:00,CRD,17.7,0.5,0.5,5.46,0,24.16
2010005386,2010031499,VTS,2010-08-01 00:01:00,CRD,17.7,0.5,0.5,3.64,0,22.34
2010008726,2010007503,VTS,2010-08-01 00:01:00,CSH,10.9,0.5,0.5,0,0,11.9
2010008540,2010035730,VTS,2010-08-01 00:01:00,CRD,6.5,0.5,0.5,1.5,0,9
2010004803,2010013920,VTS,2010-08-01 00:01:00,CSH,6.1,0.5,0.5,0,0,7.1
2010010524,2010027564,VTS,2010-08-01 00:01:00,CRD,5.3,0.5,0.5,1,0,7.3
2010009483,2010032888,VTS,2010-08-01 00:01:00,CSH,7.7,0.5,0.5,0,0,8.7
2010003588,2010003585,VTS,2010-08-01 00:01:00,CSH,12.1,0.5,0.5,0,0,13.1
2010007349,2010003586,VTS,2010-08-01 00:01:00,CRD,17.7,0.5,0.5,3.64,0,22.34
2010009135,2010009124,VTS,2010-08-01 00:01:00,CSH,5.7,0.5,0.5,0,0,6.7
2010000874,2010029729,VTS,2010-08-01 00:01:00,CSH,4.1,0.5,0.5,0,0,5.1
2010002840,2010030184,VTS,2010-08-01 00:01:00,CSH,6.9,0.5,0.5,0,0,7.9
2010010398,2010027750,VTS,2010-08-01 00:01:00,CSH,7.7,0.5,0.5,0,0,8.7
2010012208,2010003465,VTS,2010-08-01 00:01:00,CRD,7.7,0.5,0.5,2,0,10.7
2010009623,2010018163,VTS,2010-08-01 00:01:00,CRD,7.7,0.5,0.5,1.3,0,10
2010007684,2010003972,VTS,2010-08-01 00:01:00,CSH,4.5,0.5,0.5,0,0,5.5
2010007114,2010007109,VTS,2010-08-01 00:01:00,CSH,8.9,0.5,0.5,0,0,9.9
2010001078,2010001078,VTS,2010-08-01 00:01:00,CSH,12.9,0.5,0.5,0,0,13.9
2010006467,2010020399,VTS,2010-08-01 00:01:00,CSH,5.3,0.5,0.5,0,0,6.3
2010004806,2010004803,VTS,2010-08-01 00:01:00,CRD,8.5,0.5,0.5,2,0,11.5
2010010842,2010005623,VTS,2010-08-01 00:01:00,CSH,6.1,0.5,0.5,0,0,7.1
2010005902,2010005898,VTS,2010-08-01 00:01:00,CSH,13.3,0.5,0.5,0,0,14.3
2010002557,2010021092,VTS,2010-08-01 00:01:00,CRD,9.3,0.5,0.5,1,0,11.3
2010000524,2010000524,VTS,2010-08-01 00:01:00,CRD,8.5,0.5,0.5,2,0,11.5
2010006398,2010018035,VTS,2010-08-01 00:01:00,CRD,30.9,0.5,0.5,5,4.57,41.47
2010001909,2010001909,VTS,2010-08-01 00:01:00,CSH,4.5,0.5,0.5,0,0,5.5
2010007323,2010011643,VTS,2010-08-01 00:01:00,CRD,10.9,0.5,0.5,1,0,12.9
2010007143,2010035762,VTS,2010-08-01 00:01:00,CSH,6.9,0.5,0.5,0,0,7.9
2010003383,2010018312,VTS,2010-08-01 00:01:00,CRD,7.7,0.5,0.5,2,0,10.7
2010005218,2010005215,VTS,2010-08-01 00:01:00,CSH,6.9,0.5,0.5,0,0,7.9
2010002214,2010014698,VTS,2010-08-01 00:01:00,CSH,20.9,0.5,0.5,0,0,21.9
2010006786,2010006782,VTS,2010-08-01 00:01:00,CRD,11.7,0.5,0.5,2,0,14.7
2010003214,2010021733,VTS,2010-08-01 00:01:00,CSH,5.3,0.5,0.5,0,0,6.3
2010009432,2010013873,VTS,2010-08-01 00:01:00,CRD,13.7,0.5,0.5,3,0,17.7
2010000525,2010000525,VTS,2010-08-01 00:01:00,CRD,10.9,0.5,0.5,2,0,13.9
2010004331,2010004328,VTS,2010-08-01 00:01:00,CSH,16.5,0.5,0.5,0,0,17.5
2010007868,2010031230,VTS,2010-08-01 00:01:00,CSH,5.3,0.5,0.5,0,0,6.3
2010002665,2010032768,VTS,2010-08-01 00:01:00,CSH,6.5,0.5,0.5,0,0,7.5
2010007129,2010007124,VTS,2010-08-01 00:01:00,CSH,11.3,0.5,0.5,0,0,12.3
2010012611,2010008370,VTS,2010-08-01 00:01:00,CSH,9.3,0.5,0.5,0,0,10.3
2010004815,2010004812,VTS,2010-08-01 00:01:00,CRD,19.3,0.5,0.5,1,0,21.3
2010000534,2010010639,VTS,2010-08-01 00:01:00,CSH,20.1,0.5,0.5,0,0,21.1
2010005789,2010009300,VTS,2010-08-01 00:01:00,CSH,33.7,0.5,0.5,0,0,34.7
2010002966,2010007652,VTS,2010-08-01 00:01:00,CSH,6.1,0.5,0.5,0,0,7.1
2010004798,2010005849,VTS,2010-08-01 00:01:00,CRD,10.1,0.5,0.5,2,0,13.1
2010001914,2010017204,VTS,2010-08-01 00:01:00,CRD,11.3,0.5,0.5,3.7,0,16
2010005318,2010005049,VTS,2010-08-01 00:01:00,CSH,7.3,0.5,0.5,0,0,8.3
2010008028,2010017980,VTS,2010-08-01 00:01:00,CSH,10.1,0.5,0.5,0,0,11.1
2010009020,2010013090,VTS,2010-08-01 00:01:00,CRD,5.3,0.5,0.5,1,0,7.3
2010003716,2010003937,VTS,2010-08-01 00:01:00,CSH,5.3,0.5,0.5,0,0,6.3
2010003029,2010003028,VTS,2010-08-01 00:01:00,CSH,4.5,0.5,0.5,0,0,5.5
2010000152,2010034177,VTS,2010-08-01 00:01:00,CSH,3.7,0.5,0.5,0,0,4.7
2010003953,2010031356,VTS,2010-08-01 00:01:00,CSH,11.7,0.5,0.5,0,0,12.7
2010007586,2010003613,VTS,2010-08-01 00:01:00,CSH,19.3,0.5,0.5,0,0,20.3
2010007346,2010007339,VTS,2010-08-01 00:01:00,CRD,9.7,0.5,0.5,3,0,13.7
2010011311,2010027537,VTS,2010-08-01 00:01:00,CSH,3.7,0.5,0.5,0,0,4.7
2010005239,2010005236,VTS,2010-08-01 00:01:00,CSH,4.1,0.5,0.5,0,0,5.1
2010005706,2010027968,VTS,2010-08-01 00:01:00,CRD,10.5,0.5,0.5,2,0,13.5
2010000520,2010002859,VTS,2010-08-01 00:01:00,CRD,10.1,0.5,0.5,3,0,14.1
2010000267,2010009317,VTS,2010-08-01 00:01:00,CSH,12.5,0.5,0.5,0,0,13.5
2010003442,2010003439,VTS,2010-08-01 00:01:00,CRD,6.9,0.5,0.5,3,0,10.9
2010006439,2010006435,VTS,2010-08-01 00:01:00,CRD,12.1,0.5,0.5,3,0,16.1
2010005938,2010005934,VTS,2010-08-01 00:01:00,CSH,9.7,0.5,0.5,0,0,10.7
2010012313,2010021803,VTS,2010-08-01 00:01:00,CSH,13.7,0.5,0.5,0,0,14.7
2010012601,2010022709,VTS,2010-08-01 00:01:00,CSH,5.3,0.5,0.5,0,0,6.3
2010001139,2010001139,VTS,2010-08-01 00:01:00,CSH,12.1,0.5,0.5,0,0,13.1
2010004318,2010004315,VTS,2010-08-01 00:01:00,CSH,4.9,0.5,0.5,0,0,5.9
2010006448,2010006444,VTS,2010-08-01 00:01:00,CSH,4.1,0.5,0.5,0,0,5.1
2010005894,2010034648,VTS,2010-08-01 00:01:00,CRD,14.5,0.5,0.5,3.75,0,19.25
2010007727,2010007719,VTS,2010-08-01 00:01:00,CRD,10.5,0.5,0.5,1.5,0,13
2010005702,2010012393,VTS,2010-08-01 00:01:00,CRD,4.9,0.5,0.5,1.1,0,7
2010007155,2010032278,VTS,2010-08-01 00:01:00,CSH,11.7,0.5,0.5,0,0,12.7
2010012728,2010024216,VTS,2010-08-01 00:01:00,CRD,9.7,0.5,0.5,0,0,10.7
2010008294,2010030468,VTS,2010-08-01 00:01:00,CSH,13.3,0.5,0.5,0,0,14.3
2010005204,2010033030,VTS,2010-08-01 00:01:00,CSH,7.7,0.5,0.5,0,0,8.7
2010005793,2010027981,VTS,2010-08-01 00:01:00,CSH,25.7,0.5,0.5,0,0,26.7
2010007333,2010028513,VTS,2010-08-01 00:01:00,CSH,9.7,0.5,0.5,0,0,10.7
2010000501,2010000501,VTS,2010-08-01 00:01:00,CRD,20.9,0.5,0.5,2.5,0,24.4
2010003793,2010021532,VTS,2010-08-01 00:01:00,CSH,8.5,0.5,0.5,0,0,9.5
2010000263,2010000685,VTS,2010-08-01 00:01:00,CSH,4.5,0.5,0.5,0,0,5.5
2010003952,2010010606,VTS,2010-08-01 00:01:00,CSH,9.3,0.5,0.5,0,0,10.3
2010004460,2010004457,VTS,2010-08-01 00:01:00,CSH,15.7,0.5,0.5,0,0,16.7
2010003236,2010003235,VTS,2010-08-01 00:01:00,CRD,14.5,0.5,0.5,3,0,18.5
2010006824,2010002159,VTS,2010-08-01 00:01:00,CSH,4.1,0.5,0.5,0,0,5.1
2010003616,2010015792,VTS,2010-08-01 00:01:00,CSH,8.1,0.5,0.5,0,0,9.1
2010006819,2010006815,VTS,2010-08-01 00:01:00,CRD,10.1,0.5,0.5,2,0,13.1
2010007005,2010007000,VTS,2010-08-01 00:01:00,CRD,12.9,0.5,0.5,1.5,0,15.4
2010009193,2010009182,VTS,2010-08-01 00:01:00,CRD,12.9,0.5,0.5,2,0,15.9
2010011476,2010018282,VTS,2010-08-01 00:01:00,CSH,8.5,0.5,0.5,0,0,9.5
2010009683,2010019723,VTS,2010-08-01 00:01:00,CSH,10.1,0.5,0.5,0,0,11.1
2010001931,2010001931,VTS,2010-08-01 00:01:00,CSH,12.5,0.5,0.5,0,0,13.5
2010003476,2010022154,VTS,2010-08-01 00:01:00,CRD,11.7,0.5,0.5,3,0,15.7
2010013200,2010035794,VTS,2010-08-01 00:01:00,CSH,11.7,0.5,0.5,0,0,12.7
2010007363,2010007356,VTS,2010-08-01 00:01:00,CRD,4.5,0.5,0.5,1,0,6.5
2010005055,2010005052,VTS,2010-08-01 00:01:00,CRD,14.5,0.5,0.5,3,0,18.5
2010009754,2010009743,VTS,2010-08-01 00:01:00,CRD,7.7,0.5,0.5,1.5,0,10.2
2010004848,2010004845,VTS,2010-08-01 00:01:00,CSH,19.3,0.5,0.5,0,0,20.3
2010010710,2010027816,VTS,2010-08-01 00:01:00,CSH,5.3,0.5,0.5,0,0,6.3
2010011962,2010022036,VTS,2010-08-01 00:01:00,CSH,21.3,0.5,0.5,0,0,22.3
2010006874,2010018478,VTS,2010-08-01 00:01:00,CSH,9.7,0.5,0.5,0,0,10.7
2010007368,2010009350,VTS,2010-08-01 00:01:00,CSH,6.5,0.5,0.5,0,0,7.5
2010012975,2010026055,VTS,2010-08-01 00:01:00,CSH,6.1,0.5,0.5,0,0,7.1
2010005263,2010005260,VTS,2010-08-01 00:01:00,CRD,4.1,0.5,0.5,2,0,7.1
2010001056,2010002627,VTS,2010-08-01 00:01:00,CRD,7.7,0.5,0.5,1,0,9.7
2010011108,2010018633,VTS,2010-08-01 00:01:00,CRD,12.1,0.5,0.5,2,0,15.1
2010008746,2010008738,VTS,2010-08-01 00:01:00,CSH,4.1,0.5,0.5,0,0,5.1
2010000871,2010000871,VTS,2010-08-01 00:01:00,CSH,8.9,0.5,0.5,0,0,9.9
2010000175,2010002550,VTS,2010-08-01 00:01:00,CRD,6.1,0.5,0.5,2,0,9.1
2010009713,2010006362,VTS,2010-08-01 00:01:00,CRD,8.1,0.5,0.5,2,0,11.1
2010010605,2010010755,VTS,2010-08-01 00:01:00,CRD,7.7,0.5,0.5,2,0,10.7
2010004037,2010017583,VTS,2010-08-01 00:01:00,CSH,7.3,0.5,0.5,0,0,8.3
2010007371,2010007364,VTS,2010-08-01 00:01:00,CSH,4.1,0.5,0.5,0,0,5.1
2010007171,2010007166,VTS,2010-08-01 00:01:00,CRD,14.5,0.5,0.5,1,0,16.5
2010003403,2010002233,VTS,2010-08-01 00:01:00,CSH,7.3,0.5,0.5,0,0,8.3
2010005274,2010005271,VTS,2010-08-01 00:01:00,CRD,12.9,0.5,0.5,0,0,13.9
2010001602,2010001602,VTS,2010-08-01 00:01:00,CRD,9.3,0.5,0.5,3,0,13.3
2010013316,2010007210,VTS,2010-08-01 00:01:00,CSH,4.9,0.5,0.5,0,0,5.9
2010009947,2010034549,VTS,2010-08-01 00:01:00,CRD,13.3,0.5,0.5,3,0,17.3
2010007890,2010007882,VTS,2010-08-01 00:01:00,CRD,17.7,0.5,0.5,1.5,0,20.2
2010010508,2010017916,VTS,2010-08-01 00:01:00,CSH,9.3,0.5,0.5,0,0,10.3
2010010913,2010031450,VTS,2010-08-01 00:01:00,CRD,7.7,0.5,0.5,2,0,10.7
2010011640,2010027157,VTS,2010-08-01 00:01:00,CSH,11.7,0.5,0.5,0,0,12.7
2010007174,2010007169,VTS,2010-08-01 00:01:00,CSH,9.3,0.5,0.5,0,0,10.3
2010003659,2010032289,VTS,2010-08-01 00:01:00,CSH,5.3,0.5,0.5,0,0,6.3
2010006740,2010006736,VTS,2010-08-01 00:01:00,CSH,27.7,0.5,0.5,0,0,28.7
2010005427,2010009511,VTS,2010-08-01 00:01:00,CSH,18.1,0.5,0.5,0,0,19.1
2010004884,2010036812,VTS,2010-08-01 00:01:00,CSH,31.7,0.5,0.5,0,0,32.7
2010008761,2010003122,VTS,2010-08-01 00:01:00,CSH,7.7,0.5,0.5,0,0,8.7
2010011878,2010034674,VTS,2010-08-01 00:01:00,CSH,6.5,0.5,0.5,0,0,7.5
2010005133,2010005130,VTS,2010-08-01 00:01:00,CSH,5.7,0.5,0.5,0,0,6.7
2010008654,2010008646,VTS,2010-08-01 00:01:00,CRD,8.5,0.5,0.5,1,0,10.5
2010007681,2010035241,VTS,2010-08-01 00:01:00,CSH,8.1,0.5,0.5,0,0,9.1
2010001993,2010005277,VTS,2010-08-01 00:01:00,CSH,4.9,0.5,0.5,0,0,5.9
2010002608,2010002607,VTS,2010-08-01 00:01:00,CSH,21.7,0.5,0.5,0,0,22.7
2010009836,2010010823,VTS,2010-08-01 00:01:00,CRD,4.9,0.5,0.5,1,0,6.9
2010003132,2010003131,VTS,2010-08-01 00:01:00,CSH,4.5,0.5,0.5,0,0,5.5
2010004073,2010002304,VTS,2010-08-01 00:01:00,CSH,8.9,0.5,0.5,0,0,9.9
2010007716,2010030210,VTS,2010-08-01 00:01:00,CRD,12.9,0.5,0.5,2,0,15.9
2010006478,2010006474,VTS,2010-08-01 00:01:00,CRD,13.7,0.5,0.5,1,0,15.7
2010010481,2010010313,VTS,2010-08-01 00:01:00,CRD,11.3,0.5,0.5,1,0,13.3
2010008475,2010008466,VTS,2010-08-01 00:01:00,CRD,10.5,0.5,0.5,2,0,13.5
2010004308,2010004305,VTS,2010-08-01 00:01:00,CRD,6.1,0.5,0.5,2,0,9.1
2010009756,2010009745,VTS,2010-08-01 00:01:00,CSH,10.5,0.5,0.5,0,0,11.5
2010002898,2010011681,VTS,2010-08-01 00:01:00,CRD,6.9,0.5,0.5,1,0,8.9
2010011549,2010017746,VTS,2010-08-01 00:01:00,CRD,9.3,0.5,0.5,3,0,13.3
2010011986,2010005697,VTS,2010-08-01 00:01:00,CSH,3.3,0.5,0.5,0,0,4.3
2010002903,2010002902,VTS,2010-08-01 00:01:00,CSH,45,0,0.5,0,4.57,50.07
2010012354,2010013084,VTS,2010-08-01 00:01:00,CSH,6.5,0.5,0.5,0,0,7.5
2010012746,2010024421,VTS,2010-08-01 00:01:00,CRD,8.1,0.5,0.5,1.9,0,11
2010006678,2010006674,VTS,2010-08-01 00:01:00,CRD,8.5,0.5,0.5,2,0,11.5
2010001954,2010001954,VTS,2010-08-01 00:01:00,CSH,7.3,0.5,0.5,0,0,8.3
2010003717,2010031479,VTS,2010-08-01 00:01:00,CSH,6.1,0.5,0.5,0,0,7.1
2010009732,2010009721,VTS,2010-08-01 00:01:00,CRD,10.9,0.5,0.5,3,0,14.9
2010007385,2010007377,VTS,2010-08-01 00:01:00,CSH,7.3,0.5,0.5,0,0,8.3
2010004506,2010023734,VTS,2010-08-01 00:01:00,CSH,19.3,0.5,0.5,0,0,20.3
2010005383,2010006370,VTS,2010-08-01 00:01:00,CSH,6.5,0.5,0.5,0,0,7.5
2010007016,2010031439,VTS,2010-08-01 00:01:00,CSH,3.7,0.5,0.5,0,0,4.7
2010012616,2010033604,VTS,2010-08-01 00:01:00,CRD,4.9,0.5,0.5,2,0,7.9
2010004263,2010004260,VTS,2010-08-01 00:01:00,CSH,9.7,0.5,0.5,0,0,10.7
2010006319,2010006315,VTS,2010-08-01 00:01:00,CSH,16.5,0.5,0.5,0,0,17.5
2010003273,2010003271,VTS,2010-08-01 00:01:00,CSH,7.7,0.5,0.5,0,0,8.7
2010006820,2010021423,VTS,2010-08-01 00:01:00,CRD,4.5,0.5,0.5,2,0,7.5
2010003848,2010003845,VTS,2010-08-01 00:01:00,CRD,11.3,0.5,0.5,1,0,13.3
2010003319,2010007574,VTS,2010-08-01 00:01:00,CRD,5.3,0.5,0.5,2,0,8.3
2010007584,2010007576,VTS,2010-08-01 00:01:00,CRD,8.9,0.5,0.5,0,0,9.9
2010007483,2010007475,CMT,2010-08-01 00:01:00,CSH,10.5,0.5,0.5,0,0,11.5
2010004878,2010004875,VTS,2010-08-01 00:01:00,CSH,9.3,0.5,0.5,0,0,10.3
2010008988,2010032168,VTS,2010-08-01 00:01:00,CSH,4.9,0.5,0.5,0,0,5.9
2010006198,2010006194,VTS,2010-08-01 00:01:00,CRD,6.5,0.5,0.5,1,0,8.5
2010006251,2010006247,VTS,2010-08-01 00:01:00,CSH,10.9,0.5,0.5,0,0,11.9
2010007587,2010007579,VTS,2010-08-01 00:01:00,CSH,6.5,0.5,0.5,0,0,7.5
2010004774,2010002914,VTS,2010-08-01 00:01:00,CSH,9.3,0.5,0.5,0,0,10.3
2010001111,2010001111,VTS,2010-08-01 00:01:00,CRD,10.1,0.5,0.5,2,0,13.1
2010004070,2010004067,VTS,2010-08-01 00:01:00,CSH,4.5,0.5,0.5,0,0,5.5
2010002788,2010022574,VTS,2010-08-01 00:01:00,CRD,9.7,0.5,0.5,3,0,13.7
2010010285,2010010280,VTS,2010-08-01 00:01:00,CSH,21.7,0.5,0.5,0,4.57,27.27
2010002458,2010002457,VTS,2010-08-01 00:01:00,CRD,7.7,0.5,0.5,1.5,0,10.2
2010010380,2010031020,VTS,2010-08-01 00:01:00,CSH,7.3,0.5,0.5,0,0,8.3
2010000695,2010000695,VTS,2010-08-01 00:01:00,CSH,9.3,0.5,0.5,0,0,10.3
2010006711,2010006707,VTS,2010-08-01 00:01:00,CSH,13.7,0.5,0.5,0,0,14.7
2010008291,2010008282,VTS,2010-08-01 00:01:00,CSH,23.3,0.5,0.5,0,0,24.3
2010011221,2010018508,VTS,2010-08-01 00:01:00,CSH,4.1,0.5,0.5,0,0,5.1
2010010977,2010034760,VTS,2010-08-01 00:01:00,CSH,13.3,0.5,0.5,0,0,14.3
2010006291,2010018259,VTS,2010-08-01 00:01:00,CSH,7.3,0.5,0.5,0,0,8.3
2010011718,2010001624,VTS,2010-08-01 00:01:00,CSH,30.5,0.5,0.5,0,0,31.5
2010010017,2010020324,VTS,2010-08-01 00:01:00,CRD,8.9,0.5,0.5,2,0,11.9
2010011561,2010032727,VTS,2010-08-01 00:01:00,CSH,17.3,0.5,0.5,0,0,18.3
2010007095,2010013912,VTS,2010-08-01 00:01:00,CSH,6.5,0.5,0.5,0,0,7.5
2010011634,2010021964,VTS,2010-08-01 00:01:00,CSH,6.1,0.5,0.5,0,0,7.1
2010003202,2010027804,VTS,2010-08-01 00:01:00,CRD,18.5,0.5,0.5,3.8,0,23.3
2010010452,2010011479,VTS,2010-08-01 00:01:00,CRD,12.5,0.5,0.5,2,0,15.5
2010008172,2010033701,VTS,2010-08-01 00:01:00,CSH,10.9,0.5,0.5,0,0,11.9
2010008191,2010008182,VTS,2010-08-01 00:01:00,CRD,35.7,0.5,0.5,7.24,4.57,48.51
2010005768,2010027865,VTS,2010-08-01 00:01:00,CSH,4.5,0.5,0.5,0,0,5.5
2010009562,2010009552,VTS,2010-08-01 00:01:00,CRD,8.9,0.5,0.5,3,0,12.9
2010009717,2010009706,VTS,2010-08-01 00:01:00,CRD,8.1,0.5,0.5,3,0,12.1
2010010614,2010003680,VTS,2010-08-01 00:01:00,CSH,10.9,0.5,0.5,0,0,11.9
2010000839,2010008689,VTS,2010-08-01 00:01:00,CSH,5.3,0.5,0.5,0,0,6.3
2010010098,2010031076,VTS,2010-08-01 00:01:00,CSH,6.9,0.5,0.5,0,0,7.9
2010009699,2010009688,CMT,2010-08-01 00:01:01,CSH,5.3,0.5,0.5,0,0,6.3
2010003888,2010002605,CMT,2010-08-01 00:01:01,CRD,8.9,0.5,0.5,1.1,0,11
2010006147,2010036152,CMT,2010-08-01 00:01:01,CRD,14.9,0.5,0.5,2.5,0,18.4
2010004616,2010004613,CMT,2010-08-01 00:01:02,CSH,4.9,0.5,0.5,0,0,5.9
2010012135,2010035953,CMT,2010-08-01 00:01:02,CRD,11.7,0.5,0.5,1,0,13.7
2010001015,2010010531,CMT,2010-08-01 00:01:02,CSH,4.9,0.5,0.5,0,0,5.9
2010008442,2010002578,CMT,2010-08-01 00:01:02,CRD,6.9,0.5,0.5,1.18,0,9.08
2010010624,2010032183,CMT,2010-08-01 00:01:02,CSH,12.1,0.5,0.5,0,0,13.1
2010008075,2010007921,CMT,2010-08-01 00:01:03,CRD,18.1,0.5,0.5,1,0,20.1
2010010582,2010010690,CMT,2010-08-01 00:01:04,CSH,4.5,0.5,0.5,0,0,5.5
2010004335,2010000731,CMT,2010-08-01 00:01:04,CSH,5.3,0.5,0.5,0,0,6.3
2010004758,2010023659,CMT,2010-08-01 00:01:05,CSH,4.5,0.5,0.5,0,0,5.5
2010003054,2010003053,CMT,2010-08-01 00:01:05,CRD,26.5,0.5,0.5,2.5,0,30
2010001032,2010001032,CMT,2010-08-01 00:01:06,CSH,23.7,0.5,0.5,0,0,24.7
2010001269,2010032665,CMT,2010-08-01 00:01:06,CSH,10.1,0.5,0.5,0,0,11.1
2010000128,2010000128,CMT,2010-08-01 00:01:06,CRD,21.3,0.5,0.5,4.46,0,26.76
2010002401,2010002400,CMT,2010-08-01 00:01:06,CSH,6.9,0.5,0.5,0,0,7.9
2010000338,2010010042,CMT,2010-08-01 00:01:06,CSH,4.9,0.5,0.5,0,0,5.9
2010003086,2010003085,CMT,2010-08-01 00:01:07,CSH,8.1,0.5,0.5,0,0,9.1
2010009411,2010012355,CMT,2010-08-01 00:01:08,CRD,12.9,0.5,0.5,2.08,0,15.98
2010008083,2010008074,CMT,2010-08-01 00:01:08,CRD,13.7,0.5,0.5,3,0,17.7
2010013325,2010007644,CMT,2010-08-01 00:01:08,CSH,4.1,0.5,0.5,0,0,5.1
2010010526,2010010568,CMT,2010-08-01 00:01:08,CRD,4.9,0.5,0.5,0.88,0,6.78
2010009007,2010000058,CMT,2010-08-01 00:01:08,CRD,4.1,0.5,0.5,0.5,0,5.6
2010001197,2010036336,CMT,2010-08-01 00:01:09,CRD,5.7,0.5,0.5,1,0,7.7
2010009885,2010031113,CMT,2010-08-01 00:01:09,CSH,5.3,0.5,0.5,0,0,6.3
2010012230,2010021539,CMT,2010-08-01 00:01:09,CRD,4.9,0.5,0.5,0.88,0,6.78
2010009889,2010001292,CMT,2010-08-01 00:01:09,CRD,10.1,0.5,0.5,1.66,0,12.76
2010013238,2010006512,CMT,2010-08-01 00:01:09,CRD,13.3,0.5,0.5,2,0,16.3
2010007624,2010007616,CMT,2010-08-01 00:01:09,CSH,5.3,0.5,0.5,0,0,6.3
2010000500,2010000500,CMT,2010-08-01 00:01:10,CRD,9.3,0.5,0.5,1.54,0,11.84
2010005516,2010004576,CMT,2010-08-01 00:01:10,CRD,5.7,0.5,0.5,1,0,7.7
2010001132,2010004341,CMT,2010-08-01 00:01:11,CSH,9.7,0.5,0.5,0,0,10.7
2010002170,2010001404,CMT,2010-08-01 00:01:11,CSH,4.5,0.5,0.5,0,0,5.5
2010000394,2010014538,CMT,2010-08-01 00:01:11,CSH,3.7,0.5,0.5,0,0,4.7
2010003375,2010000325,CMT,2010-08-01 00:01:11,CSH,8.1,0.5,0.5,0,0,9.1
2010006618,2010004899,CMT,2010-08-01 00:01:11,CRD,10.1,0.5,0.5,1.66,0,12.76
2010010663,2010032109,CMT,2010-08-01 00:01:12,CRD,8.5,0.5,0.5,1,0,10.5
2010008107,2010008098,CMT,2010-08-01 00:01:12,CSH,6.9,0.5,0.5,0,0,7.9
2010007241,2010007235,CMT,2010-08-01 00:01:12,CSH,8.5,0.5,0.5,0,0,9.5
2010002968,2010002967,CMT,2010-08-01 00:01:12,CSH,6.1,0.5,0.5,0,0,7.1
2010010896,2010009967,CMT,2010-08-01 00:01:12,CSH,15.7,0.5,0.5,0,0,16.7
2010004647,2010004644,CMT,2010-08-01 00:01:12,CSH,10.5,0.5,0.5,0,0,11.5
2010009006,2010008906,CMT,2010-08-01 00:01:12,CRD,7.7,0.5,0.5,1.74,0,10.44
2010007604,2010006484,CMT,2010-08-01 00:01:12,CRD,6.9,0.5,0.5,1.1,0,9
2010008577,2010003432,CMT,2010-08-01 00:01:13,CRD,8.5,0.5,0.5,1.9,0,11.4
2010006238,2010006234,CMT,2010-08-01 00:01:13,CSH,3.7,0.5,0.5,0,0,4.7
2010003555,2010007001,CMT,2010-08-01 00:01:14,CSH,10.1,0.5,0.5,0,0,11.1
2010000822,2010036323,CMT,2010-08-01 00:01:14,CRD,7.7,0.5,0.5,1,0,9.7
2010008065,2010030292,CMT,2010-08-01 00:01:15,CSH,15.3,0.5,0.5,0,0,16.3
2010001715,2010001715,CMT,2010-08-01 00:01:15,CSH,21.7,0.5,0.5,0,0,22.7
2010006978,2010032986,CMT,2010-08-01 00:01:15,CRD,10.9,0.5,0.5,1.1,0,13
2010000588,2010018624,CMT,2010-08-01 00:01:16,CSH,8.1,0.5,0.5,0,0,9.1
2010002400,2010004477,CMT,2010-08-01 00:01:16,CSH,4.9,0.5,0.5,0,0,5.9
2010002291,2010005132,CMT,2010-08-01 00:01:16,CRD,12.1,0.5,0.5,2,0,15.1
2010009209,2010004653,CMT,2010-08-01 00:01:17,CRD,8.1,0.5,0.5,1.82,0,10.92
2010008528,2010003401,CMT,2010-08-01 00:01:17,CRD,15.7,0.5,0.5,4.17,0,20.87
2010006573,2010006569,CMT,2010-08-01 00:01:18,CRD,5.7,0.5,0.5,0.7,0,7.4
2010004964,2010008347,CMT,2010-08-01 00:01:18,CRD,7.3,0.5,0.5,1.24,0,9.54
2010010367,2010003046,CMT,2010-08-01 00:01:18,CSH,23.3,0.5,0.5,0,0,24.3
2010003727,2010003724,CMT,2010-08-01 00:01:18,CSH,5.7,0.5,0.5,0,0,6.7
2010009267,2010026611,CMT,2010-08-01 00:01:19,CSH,7.3,0.5,0.5,0,0,8.3
2010005484,2010032489,CMT,2010-08-01 00:01:19,CRD,6.9,0.5,0.5,1,0,8.9
2010003706,2010018472,CMT,2010-08-01 00:01:20,CSH,7.7,0.5,0.5,0,0,8.7
2010007798,2010007881,CMT,2010-08-01 00:01:20,CRD,11.3,0.5,0.5,1.5,0,13.8
2010009213,2010022143,CMT,2010-08-01 00:01:21,CSH,7.3,0.5,0.5,0,0,8.3
2010006934,2010006930,CMT,2010-08-01 00:01:21,CSH,6.5,0.5,0.5,0,0,7.5
2010005345,2010005342,CMT,2010-08-01 00:01:21,CSH,10.5,0.5,0.5,0,0,11.5
2010006538,2010017711,CMT,2010-08-01 00:01:21,CSH,7.7,0.5,0.5,0,0,8.7
2010006229,2010006225,CMT,2010-08-01 00:01:22,CRD,6.5,0.5,0.5,2.5,0,10
2010010003,2010009813,CMT,2010-08-01 00:01:22,CSH,9.3,0.5,0.5,0,0,10.3
2010009229,2010036521,CMT,2010-08-01 00:01:22,CSH,4.5,0.5,0.5,0,0,5.5
2010001180,2010001180,CMT,2010-08-01 00:01:22,CSH,4.9,0.5,0.5,0,0,5.9
2010005074,2010005071,CMT,2010-08-01 00:01:23,CSH,5.3,0.5,0.5,0,0,6.3
2010002463,2010036041,CMT,2010-08-01 00:01:23,CSH,13.3,0.5,0.5,0,0,14.3
2010001712,2010001712,CMT,2010-08-01 00:01:23,CSH,5.7,0.5,0.5,0,0,6.7
2010000971,2010000077,CMT,2010-08-01 00:01:24,CSH,12.5,0.5,0.5,0,0,13.5
2010006188,2010006184,CMT,2010-08-01 00:01:24,NOC,6.9,0.5,0.5,0,0,7.9
2010000434,2010018036,CMT,2010-08-01 00:01:24,CSH,8.1,0.5,0.5,0,0,9.1
2010001480,2010001480,CMT,2010-08-01 00:01:25,CSH,7.3,0.5,0.5,0,0,8.3
2010005735,2010005732,CMT,2010-08-01 00:01:25,CSH,11.3,0.5,0.5,0,0,12.3
2010003017,2010032173,CMT,2010-08-01 00:01:25,CRD,7.3,0.5,0.5,2.07,0,10.37
2010004134,2010021601,CMT,2010-08-01 00:01:26,CSH,3.7,0.5,0.5,0,0,4.7
2010004100,2010004097,CMT,2010-08-01 00:01:26,CRD,12.1,0.5,0.5,2.62,0,15.72
2010001018,2010001018,CMT,2010-08-01 00:01:27,CRD,6.5,0.5,0.5,1,0,8.5
2010008766,2010008756,CMT,2010-08-01 00:01:27,CSH,6.9,0.5,0.5,0,0,7.9
2010007277,2010011311,CMT,2010-08-01 00:01:27,CRD,6.1,0.5,0.5,1.06,0,8.16
2010004680,2010004126,CMT,2010-08-01 00:01:27,CSH,12.9,0.5,0.5,0,0,13.9
2010007626,2010024283,CMT,2010-08-01 00:01:28,CRD,6.9,0.5,0.5,1,0,8.9
2010013380,2010003136,CMT,2010-08-01 00:01:29,CRD,6.9,0.5,0.5,2.5,0,10.4
2010006223,2010002911,CMT,2010-08-01 00:01:29,CRD,8.9,0.5,0.5,1.48,0,11.38
2010008236,2010022586,CMT,2010-08-01 00:01:30,CSH,6.1,0.5,0.5,0,0,7.1
2010002122,2010034489,CMT,2010-08-01 00:01:30,CSH,3.7,0.5,0.5,0,0,4.7
2010001451,2010016424,CMT,2010-08-01 00:01:30,CRD,7.7,0.5,0.5,1,0,9.7
2010010366,2010005131,CMT,2010-08-01 00:01:30,CRD,4.9,0.5,0.5,0.9,0,6.8
2010010429,2010010442,CMT,2010-08-01 00:01:30,CSH,10.1,0.5,0.5,0,0,11.1
2010000760,2010000760,CMT,2010-08-01 00:01:30,CRD,15.7,0.5,0.5,2.5,0,19.2
2010000010,2010006012,CMT,2010-08-01 00:01:31,CRD,12.9,0.5,0.5,2.08,0,15.98
2010001264,2010028108,CMT,2010-08-01 00:01:31,CSH,6.5,0.5,0.5,0,0,7.5
2010012004,2010014764,CMT,2010-08-01 00:01:31,CSH,12.5,0.5,0.5,0,0,13.5
2010001062,2010021708,CMT,2010-08-01 00:01:32,CSH,10.9,0.5,0.5,0,0,11.9
2010003890,2010008607,CMT,2010-08-01 00:01:32,CSH,18.5,0.5,0.5,0,0,19.5
2010000653,2010000653,CMT,2010-08-01 00:01:33,CSH,9.3,0.5,0.5,0,0,10.3
2010008861,2010008851,CMT,2010-08-01 00:01:33,CSH,14.9,0.5,0.5,0,0,15.9
2010002182,2010026907,CMT,2010-08-01 00:01:34,CRD,16.1,0.5,0.5,2.56,0,19.66
2010009335,2010006342,CMT,2010-08-01 00:01:34,CRD,8.9,0.5,0.5,1.98,0,11.88
2010008590,2010022268,CMT,2010-08-01 00:01:34,CSH,5.3,0.5,0.5,0,0,6.3
2010009702,2010031506,CMT,2010-08-01 00:01:34,CSH,20.5,0.5,0.5,0,0,21.5
2010007672,2010027657,CMT,2010-08-01 00:01:34,CSH,5.7,0.5,0.5,0,0,6.7
2010008918,2010008908,CMT,2010-08-01 00:01:35,CSH,11.3,0.5,0.5,0,0,12.3
2010009739,2010009728,CMT,2010-08-01 00:01:35,CSH,9.3,0.5,0.5,0,0,10.3
2010006572,2010006568,CMT,2010-08-01 00:01:36,CSH,5.3,0.5,0.5,0,0,6.3
2010000205,2010000205,CMT,2010-08-01 00:01:36,CSH,10.1,0.5,0.5,0,0,11.1
2010003328,2010029003,CMT,2010-08-01 00:01:36,CRD,5.3,0.5,0.5,0.7,0,7
2010000734,2010010937,CMT,2010-08-01 00:01:36,CRD,10.5,0.5,0.5,1.72,0,13.22
2010003293,2010008056,CMT,2010-08-01 00:01:36,CSH,10.9,0.5,0.5,0,0,11.9
2010000229,2010014509,CMT,2010-08-01 00:01:36,CRD,11.3,0.5,0.5,1.84,0,14.14
2010012014,2010030451,CMT,2010-08-01 00:01:36,CSH,6.9,0.5,0.5,0,0,7.9
2010010000,2010009990,CMT,2010-08-01 00:01:36,CRD,8.5,0.5,0.5,1.9,0,11.4
2010013116,2010005097,CMT,2010-08-01 00:01:37,CRD,6.9,0.5,0.5,1.18,0,9.08
2010005852,2010024167,CMT,2010-08-01 00:01:37,CSH,10.9,0.5,0.5,0,0,11.9
2010000474,2010002039,CMT,2010-08-01 00:01:37,CRD,8.9,0.5,0.5,1.48,0,11.38
2010000622,2010018393,CMT,2010-08-01 00:01:38,CRD,6.1,0.5,0.5,1.06,0,8.16
2010008683,2010033436,CMT,2010-08-01 00:01:38,CSH,10.5,0.5,0.5,0,0,11.5
2010001266,2010016921,CMT,2010-08-01 00:01:38,CSH,5.3,0.5,0.5,0,0,6.3
2010000568,2010004569,CMT,2010-08-01 00:01:38,CRD,8.9,0.5,0.5,1,0,10.9
2010005794,2010027292,CMT,2010-08-01 00:01:39,CSH,5.7,0.5,0.5,0,0,6.7
2010000172,2010005192,CMT,2010-08-01 00:01:40,CRD,15.7,0.5,0.5,2.5,0,19.2
2010008773,2010016790,CMT,2010-08-01 00:01:40,CRD,16.1,0.5,0.5,3.42,0,20.52
2010008855,2010034284,CMT,2010-08-01 00:01:41,CRD,20.9,0.5,0.5,4.38,0,26.28
2010002763,2010021272,CMT,2010-08-01 00:01:42,CSH,6.9,0.5,0.5,0,0,7.9
2010003872,2010004765,CMT,2010-08-01 00:01:42,CRD,6.5,0.5,0.5,1,0,8.5
2010005834,2010005830,CMT,2010-08-01 00:01:42,CSH,15.3,0.5,0.5,0,0,16.3
2010010593,2010018088,CMT,2010-08-01 00:01:43,CSH,8.1,0.5,0.5,0,0,9.1
2010001131,2010000323,CMT,2010-08-01 00:01:43,CSH,25.7,0.5,0.5,0,0,26.7
2010001649,2010001649,CMT,2010-08-01 00:01:43,CRD,6.1,0.5,0.5,1.25,0,8.35
2010001125,2010001125,CMT,2010-08-01 00:01:43,CRD,9.3,0.5,0.5,1.54,0,11.84
2010003071,2010007799,CMT,2010-08-01 00:01:43,CRD,6.1,0.5,0.5,1.06,0,8.16
2010009904,2010001786,CMT,2010-08-01 00:01:43,CRD,8.1,0.5,0.5,1.36,0,10.46
2010012515,2010003070,CMT,2010-08-01 00:01:43,CSH,17.7,0.5,0.5,0,0,18.7
2010005354,2010005351,CMT,2010-08-01 00:01:44,CSH,3.7,0.5,0.5,0,0,4.7
2010009571,2010022098,CMT,2010-08-01 00:01:44,CRD,24.5,0.5,0.5,5.1,0,30.6
2010007616,2010007608,CMT,2010-08-01 00:01:45,CRD,10.9,0.5,0.5,2.38,0,14.28
2010003939,2010013427,CMT,2010-08-01 00:01:45,CRD,6.1,0.5,0.5,1.06,0,8.16
2010000824,2010003307,CMT,2010-08-01 00:01:45,CSH,7.3,0.5,0.5,0,0,8.3
2010006123,2010034034,CMT,2010-08-01 00:01:46,CRD,12.9,0.5,0.5,2,0,15.9
2010003294,2010010028,CMT,2010-08-01 00:01:46,CSH,8.1,0.5,0.5,0,0,9.1
2010003428,2010022387,CMT,2010-08-01 00:01:46,CRD,9.7,0.5,0.5,0,0,10.7
2010009789,2010002742,CMT,2010-08-01 00:01:46,CSH,11.3,0.5,0.5,0,0,12.3
2010000757,2010002011,CMT,2010-08-01 00:01:46,CSH,32.1,0.5,0.5,0,0,33.1
2010003697,2010003694,CMT,2010-08-01 00:01:47,NOC,16.5,0.5,0.5,0,0,17.5
2010009211,2010022565,CMT,2010-08-01 00:01:47,CSH,4.1,0.5,0.5,0,0,5.1
2010003082,2010003081,CMT,2010-08-01 00:01:47,CSH,16.5,0.5,0.5,0,0,17.5
2010005526,2010000880,CMT,2010-08-01 00:01:47,CRD,5.7,0.5,0.5,2.5,0,9.2
2010007642,2010007634,CMT,2010-08-01 00:01:48,CSH,8.1,0.5,0.5,0,0,9.1
2010001017,2010001017,CMT,2010-08-01 00:01:49,CSH,13.7,0.5,0.5,0,0,14.7
2010004642,2010004639,CMT,2010-08-01 00:01:49,CSH,4.9,0.5,0.5,0,0,5.9
2010009328,2010007630,CMT,2010-08-01 00:01:49,CSH,8.9,0.5,0.5,0,0,9.9
2010000439,2010010457,CMT,2010-08-01 00:01:49,CSH,6.1,0.5,0.5,0,0,7.1
2010001058,2010001058,CMT,2010-08-01 00:01:49,CSH,14.5,0.5,0.5,0,0,15.5
2010007482,2010007474,CMT,2010-08-01 00:01:49,CRD,13.7,0.5,0.5,2.2,0,16.9
2010006583,2010006579,CMT,2010-08-01 00:01:49,CSH,2.9,0.5,0.5,0,0,3.9
2010010315,2010031446,CMT,2010-08-01 00:01:50,CSH,8.9,0.5,0.5,0,0,9.9
2010011025,2010023240,CMT,2010-08-01 00:01:50,CRD,7.7,0.5,0.5,1.74,0,10.44
2010001998,2010001998,CMT,2010-08-01 00:01:50,CRD,6.1,0.5,0.5,1.06,0,8.16
2010010419,2010022548,CMT,2010-08-01 00:01:50,CRD,9.3,0.5,0.5,1,0,11.3
2010005447,2010005444,CMT,2010-08-01 00:01:51,CRD,3.7,0.5,0.5,0.3,0,5
2010000743,2010018473,CMT,2010-08-01 00:01:51,CSH,6.9,0.5,0.5,0,0,7.9
2010005110,2010000598,CMT,2010-08-01 00:01:51,CSH,8.9,0.5,0.5,0,0,9.9
2010002344,2010002343,CMT,2010-08-01 00:01:51,CSH,7.7,0.5,0.5,0,0,8.7
2010008874,2010008864,CMT,2010-08-01 00:01:51,CSH,12.1,0.5,0.5,0,0,13.1
2010010012,2010010002,CMT,2010-08-01 00:01:51,CSH,5.3,0.5,0.5,0,0,6.3
2010011894,2010018938,CMT,2010-08-01 00:01:52,CRD,17.5,0.5,0,0,0,18
2010008061,2010022271,CMT,2010-08-01 00:01:52,CSH,4.5,0.5,0.5,0,0,5.5
2010010359,2010001724,CMT,2010-08-01 00:01:53,CRD,6.5,0.5,0.5,1.12,0,8.62
2010003148,2010027241,CMT,2010-08-01 00:01:53,CSH,4.9,0.5,0.5,0,0,5.9
2010000717,2010034521,CMT,2010-08-01 00:01:53,CSH,7.7,0.5,0.5,0,0,8.7
2010012416,2010034368,CMT,2010-08-01 00:01:53,CSH,9.7,0.5,0.5,0,0,10.7
2010009279,2010000984,CMT,2010-08-01 00:01:54,CRD,5.7,0.5,0.5,1,0,7.7
2010002076,2010018908,CMT,2010-08-01 00:01:54,CRD,4.5,0.5,0.5,1.1,0,6.6
2010007619,2010007611,CMT,2010-08-01 00:01:55,CRD,8.9,0.5,0.5,1.25,0,11.15
2010001747,2010022378,CMT,2010-08-01 00:01:55,CSH,10.9,0.5,0.5,0,0,11.9
2010008767,2010002025,CMT,2010-08-01 00:01:55,CRD,19.3,0.5,0.5,3,0,23.3
2010007428,2010018292,CMT,2010-08-01 00:01:56,CRD,15.7,0.5,0.5,4.17,0,20.87
2010002353,2010018716,CMT,2010-08-01 00:01:56,CSH,15.3,0.5,0.5,0,0,16.3
2010000412,2010008427,CMT,2010-08-01 00:01:56,CSH,8.1,0.5,0.5,0,0,9.1
2010001700,2010001700,CMT,2010-08-01 00:01:56,CSH,4.1,0.5,0.5,0,0,5.1
2010002459,2010002458,CMT,2010-08-01 00:01:56,CSH,4.5,0.5,0.5,0,0,5.5
2010003145,2010003144,CMT,2010-08-01 00:01:57,CSH,4.1,0.5,0.5,0,0,5.1
2010001426,2010001426,CMT,2010-08-01 00:01:57,CRD,10.5,0.5,0.5,2,0,13.5
2010003165,2010035763,CMT,2010-08-01 00:01:57,CRD,6.1,0.5,0.5,1.42,0,8.52
2010001016,2010014570,CMT,2010-08-01 00:01:57,CSH,11.7,0.5,0.5,0,0,12.7
2010000660,2010000660,CMT,2010-08-01 00:01:58,CSH,4.9,0.5,0.5,0,0,5.9
2010010278,2010010273,CMT,2010-08-01 00:01:58,CSH,9.3,0.5,0.5,0,0,10.3
2010003766,2010003763,CMT,2010-08-01 00:01:58,CSH,6.5,0.5,0.5,0,0,7.5
2010000747,2010027776,CMT,2010-08-01 00:01:58,CSH,8.9,0.5,0.5,0,0,9.9
2010007961,2010007953,CMT,2010-08-01 00:01:59,CRD,14.5,0.5,0.5,3,0,18.5
2010008787,2010008777,CMT,2010-08-01 00:01:59,CSH,5.3,0.5,0.5,0,0,6.3
2010010166,2010012535,CMT,2010-08-01 00:01:59,CSH,8.5,0.5,0.5,0,0,9.5
2010000662,2010000662,CMT,2010-08-01 00:01:59,CSH,6.9,0.5,0.5,0,0,7.9
2010012139,2010002955,CMT,2010-08-01 00:01:59,CSH,32.1,0.5,0.5,0,0,33.1
2010003876,2010018821,CMT,2010-08-01 00:01:59,CSH,9.3,0.5,0.5,0,0,10.3
2010009283,2010009273,CMT,2010-08-01 00:01:59,CSH,7.3,0.5,0.5,0,0,8.3
2010001744,2010001744,VTS,2010-08-01 00:02:00,CRD,3.3,0.5,0.5,1,0,5.3
2010008168,2010001871,VTS,2010-08-01 00:02:00,CRD,12.9,0.5,0.5,1.1,0,15
2010006331,2010015603,VTS,2010-08-01 00:02:00,CSH,21.7,0.5,0.5,0,4.57,27.27
2010004797,2010008422,VTS,2010-08-01 00:02:00,CSH,6.9,0.5,0.5,0,0,7.9
2010005017,2010005977,VTS,2010-08-01 00:02:00,CRD,6.1,0.5,0.5,3,0,10.1
2010006381,2010006377,VTS,2010-08-01 00:02:00,CSH,3.3,0.5,0.5,0,0,4.3
2010005862,2010005858,VTS,2010-08-01 00:02:00,CSH,4.9,0.5,0.5,0,0,5.9
2010005187,2010028862,VTS,2010-08-01 00:02:00,CRD,7.3,0.5,0.5,2,0,10.3
2010010557,2010010808,VTS,2010-08-01 00:02:00,CSH,5.3,0.5,0.5,0,0,6.3
2010001608,2010007081,VTS,2010-08-01 00:02:00,CSH,10.1,0.5,0.5,0,0,11.1
2010009078,2010009067,VTS,2010-08-01 00:02:00,CSH,5.7,0.5,0.5,0,0,6.7
2010008986,2010008524,VTS,2010-08-01 00:02:00,CSH,8.5,0.5,0.5,0,0,9.5
2010002910,2010029140,VTS,2010-08-01 00:02:00,CSH,13.7,0.5,0.5,0,0,14.7
2010003950,2010003947,VTS,2010-08-01 00:02:00,CSH,8.1,0.5,0.5,0,0,9.1
2010002485,2010002484,VTS,2010-08-01 00:02:00,CSH,25.3,0.5,0.5,0,0,26.3
2010004944,2010016134,VTS,2010-08-01 00:02:00,CRD,15.3,0.5,0.5,3.16,0,19.46
2010001979,2010001979,VTS,2010-08-01 00:02:00,CRD,8.5,0.5,0.5,2,0,11.5
2010008000,2010007992,VTS,2010-08-01 00:02:00,CSH,12.5,0.5,0.5,0,0,13.5
2010006120,2010008241,VTS,2010-08-01 00:02:00,CRD,10.1,0.5,0.5,1,0,12.1
2010010005,2010009995,VTS,2010-08-01 00:02:00,CRD,8.9,0.5,0.5,2,0,11.9
2010006974,2010006970,VTS,2010-08-01 00:02:00,CRD,8.1,0.5,0.5,2,0,11.1
2010008128,2010004278,VTS,2010-08-01 00:02:00,CSH,6.9,0.5,0.5,0,0,7.9
2010008624,2010008616,VTS,2010-08-01 00:02:00,CRD,11.3,0.5,0.5,1.7,0,14
2010005300,2010019095,VTS,2010-08-01 00:02:00,CSH,8.9,0.5,0.5,0,0,9.9
2010007311,2010007304,VTS,2010-08-01 00:02:00,CSH,9.7,0.5,0.5,0,0,10.7
2010010184,2010030124,VTS,2010-08-01 00:02:00,CSH,18.1,0.5,0.5,0,0,19.1
2010009959,2010009949,VTS,2010-08-01 00:02:00,CSH,7.7,0.5,0.5,0,0,8.7
2010004700,2010012480,VTS,2010-08-01 00:02:00,CSH,13.3,0.5,0.5,0,0,14.3
2010004327,2010004324,VTS,2010-08-01 00:02:00,CRD,8.5,0.5,0.5,3,0,12.5
2010007863,2010008443,VTS,2010-08-01 00:02:00,CRD,11.3,0.5,0.5,1.5,0,13.8
2010006597,2010003955,VTS,2010-08-01 00:02:00,CSH,5.7,0.5,0.5,0,0,6.7
2010005597,2010005594,VTS,2010-08-01 00:02:00,CSH,12.1,0.5,0.5,0,0,13.1
2010001975,2010001975,VTS,2010-08-01 00:02:00,CRD,13.3,0.5,0.5,2,0,16.3
2010006432,2010018954,VTS,2010-08-01 00:02:00,CRD,9.7,0.5,0.5,1,0,11.7
2010013194,2010005397,CMT,2010-08-01 00:02:00,CRD,5.3,0.5,0.5,1.26,0,7.56
2010008161,2010036478,VTS,2010-08-01 00:02:00,CSH,5.3,0.5,0.5,0,0,6.3
2010012355,2010021902,VTS,2010-08-01 00:02:00,CSH,45,0,0.5,0,4.57,50.07
2010011529,2010017690,VTS,2010-08-01 00:02:00,CRD,13.3,0.5,0.5,2,0,16.3
2010007861,2010002832,VTS,2010-08-01 00:02:00,CSH,3.7,0.5,0.5,0,0,4.7
2010001923,2010035866,VTS,2010-08-01 00:02:00,CSH,21.3,0.5,0.5,0,0,22.3
2010002451,2010002450,VTS,2010-08-01 00:02:00,CRD,6.5,0.5,0.5,2,0,9.5
2010006077,2010036627,VTS,2010-08-01 00:02:00,CSH,33.7,0.5,0.5,0,0,34.7
2010008255,2010008246,VTS,2010-08-01 00:02:00,CSH,6.1,0.5,0.5,0,0,7.1
2010012450,2010008323,VTS,2010-08-01 00:02:00,CRD,5.3,0.5,0.5,1.5,0,7.8
2010005185,2010005182,VTS,2010-08-01 00:02:00,CRD,8.1,0.5,0.5,0.9,0,10
2010010562,2010029815,VTS,2010-08-01 00:02:00,CRD,10.9,0.5,0.5,2,0,13.9
2010011838,2010018317,VTS,2010-08-01 00:02:00,CSH,10.9,0.5,0.5,0,0,11.9
2010003947,2010011124,VTS,2010-08-01 00:02:00,CRD,10.1,0.5,0.5,1,0,12.1
2010006246,2010011910,VTS,2010-08-01 00:02:00,CSH,5.7,0.5,0.5,0,0,6.7
2010005191,2010005188,VTS,2010-08-01 00:02:00,CRD,8.1,0.5,0.5,2,0,11.1
2010008543,2010008534,VTS,2010-08-01 00:02:00,CSH,9.7,0.5,0.5,0,0,10.7
2010007772,2010022132,CMT,2010-08-01 00:02:00,CSH,14.5,0.5,0.5,0,0,15.5
2010006392,2010029766,VTS,2010-08-01 00:02:00,CSH,16.1,0.5,0.5,0,0,17.1
2010008256,2010024237,VTS,2010-08-01 00:02:00,CSH,5.3,0.5,0.5,0,0,6.3
2010011795,2010018484,VTS,2010-08-01 00:02:00,CSH,6.5,0.5,0.5,0,0,7.5
2010001323,2010029060,VTS,2010-08-01 00:02:00,CSH,3.3,0.5,0.5,0,0,4.3
2010003585,2010003582,VTS,2010-08-01 00:02:00,CSH,6.1,0.5,0.5,0,0,7.1
2010003734,2010003731,VTS,2010-08-01 00:02:00,CRD,7.3,0.5,0.5,2,0,10.3
2010009342,2010031871,VTS,2010-08-01 00:02:00,CSH,7.3,0.5,0.5,0,0,8.3
2010009674,2010009664,VTS,2010-08-01 00:02:00,CSH,4.1,0.5,0.5,0,0,5.1
2010010482,2010005070,VTS,2010-08-01 00:02:00,CRD,4.9,0.5,0.5,1.2,0,7.1
2010002611,2010006574,CMT,2010-08-01 00:02:00,CSH,8.1,0.5,0.5,0,0,9.1
